id_pedido,data_pedido,modo_envio,mercado
PED00000,2014-04-13,Classe Padrão,EU
PED00001,2015-03-12,Segunda Classe,US
PED00002,2014-09-28,Classe Padrão,EU
PED00003,2014-04-17,Classe Padrão,US
PED00004,2014-03-13,Classe Padrão,US
PED00005,2015-12-02,Primeira Classe,APAC
PED00006,2014-01-21,Classe Padrão,LATAM
PED00007,2015-09-07,Segunda Classe,LATAM
PED00008,2014-05-02,Mesmo Dia,US
PED00009,2015-04-12,Classe Padrão,APAC
PED00010,2014-08-03,Segunda Classe,US
PED00011,2014-11-27,Classe Padrão,LATAM
PED00012,2015-04-04,Primeira Classe,LATAM
PED00013,2014-03-29,Classe Padrão,APAC
PED00014,2015-01-08,Segunda Classe,EU
PED00015,2014-04-10,Primeira Classe,EU
PED00016,2015-10-26,Mesmo Dia,APAC
PED00017,2014-05-11,Segunda Classe,US
PED00018,2015-10-24,Classe Padrão,US
PED00019,2014-11-05,Segunda Classe,APAC
PED00020,2014-12-10,Primeira Classe,APAC
PED00021,2015-05-07,Segunda Classe,US
PED00022,2015-02-18,Classe Padrão,LATAM
PED00023,2015-01-21,Mesmo Dia,US
PED00024,2014-07-11,Segunda Classe,APAC
PED00025,2014-10-04,Segunda Classe,APAC
PED00026,2014-06-10,Classe Padrão,APAC
PED00027,2015-04-05,Segunda Classe,APAC
PED00028,2014-11-10,Classe Padrão,US
PED00029,2014-01-22,Segunda Classe,US
PED00030,2014-09-10,Classe Padrão,APAC
PED00031,2015-07-15,Segunda Classe,APAC
PED00032,2015-04-20,Mesmo Dia,US
PED00033,2014-02-28,Classe Padrão,EU
PED00034,2015-05-26,Mesmo Dia,US
PED00035,2015-11-13,Classe Padrão,APAC
PED00036,2015-04-21,Primeira Classe,EU
PED00037,2015-12-01,Primeira Classe,US
PED00038,2014-07-09,Segunda Classe,US
PED00039,2015-11-18,Primeira Classe,EU
PED00040,2015-07-17,Primeira Classe,APAC
PED00041,2015-07-21,Classe Padrão,APAC
PED00042,2014-09-01,Classe Padrão,EU
PED00043,2015-05-20,Segunda Classe,EU
PED00044,2014-05-11,Primeira Classe,LATAM
PED00045,2015-04-30,Primeira Classe,APAC
PED00046,2015-10-09,Primeira Classe,US
PED00047,2014-01-21,Classe Padrão,US
PED00048,2014-06-16,Primeira Classe,US
PED00049,2014-10-01,Classe Padrão,APAC
PED00050,2015-01-23,Segunda Classe,US
PED00051,2015-08-24,Classe Padrão,LATAM
PED00052,2014-11-12,Classe Padrão,APAC
PED00053,2014-01-14,Classe Padrão,APAC
PED00054,2014-08-30,Classe Padrão,US
PED00055,2014-12-12,Segunda Classe,US
PED00056,2015-07-19,Classe Padrão,US
PED00057,2014-12-06,Classe Padrão,US
PED00058,2014-04-02,Classe Padrão,US
PED00059,2015-01-02,Classe Padrão,APAC
PED00060,2015-03-31,Classe Padrão,EU
PED00061,2015-03-04,Classe Padrão,EU
PED00062,2015-05-24,Segunda Classe,APAC
PED00063,2014-02-04,Segunda Classe,US
PED00064,2014-07-25,Segunda Classe,EU
PED00065,2014-03-22,Classe Padrão,EU
PED00066,2015-07-16,Classe Padrão,US
PED00067,2015-01-23,Primeira Classe,EU
PED00068,2014-01-02,Segunda Classe,US
PED00069,2015-01-25,Classe Padrão,EU
PED00070,2015-07-20,Classe Padrão,LATAM
PED00071,2014-04-16,Classe Padrão,US
PED00072,2015-04-22,Classe Padrão,EU
PED00073,2015-12-04,Classe Padrão,APAC
PED00074,2015-02-06,Segunda Classe,LATAM
PED00075,2015-12-31,Segunda Classe,US
PED00076,2015-07-10,Segunda Classe,EU
PED00077,2014-06-11,Primeira Classe,US
PED00078,2014-07-21,Primeira Classe,US
PED00079,2014-09-27,Primeira Classe,US
PED00080,2014-09-28,Mesmo Dia,LATAM
PED00081,2015-04-01,Classe Padrão,EU
PED00082,2015-04-07,Classe Padrão,EU
PED00083,2015-12-28,Classe Padrão,LATAM
PED00084,2014-09-09,Segunda Classe,US
PED00085,2015-12-03,Primeira Classe,US
PED00086,2014-10-23,Classe Padrão,US
PED00087,2015-12-26,Mesmo Dia,US
PED00088,2015-12-21,Classe Padrão,US
PED00089,2014-12-04,Mesmo Dia,US
PED00090,2014-02-22,Classe Padrão,US
PED00091,2014-08-05,Classe Padrão,US
PED00092,2014-07-07,Classe Padrão,US
PED00093,2015-01-15,Classe Padrão,US
PED00094,2015-05-08,Classe Padrão,LATAM
PED00095,2014-02-10,Classe Padrão,EU
PED00096,2014-06-06,Primeira Classe,LATAM
PED00097,2014-01-15,Segunda Classe,US
PED00098,2014-03-06,Classe Padrão,US
PED00099,2015-06-05,Segunda Classe,EU
PED00100,2014-12-10,Primeira Classe,US
PED00101,2014-05-09,Classe Padrão,US
PED00102,2015-10-10,Classe Padrão,US
PED00103,2015-04-17,Classe Padrão,US
PED00104,2014-03-04,Classe Padrão,US
PED00105,2014-05-19,Segunda Classe,US
PED00106,2015-05-14,Classe Padrão,APAC
PED00107,2015-08-16,Segunda Classe,US
PED00108,2015-01-27,Primeira Classe,US
PED00109,2015-11-06,Classe Padrão,EU
PED00110,2015-02-23,Segunda Classe,US
PED00111,2014-10-16,Classe Padrão,US
PED00112,2015-01-14,Mesmo Dia,EU
PED00113,2015-05-05,Classe Padrão,US
PED00114,2014-08-19,Primeira Classe,US
PED00115,2014-02-10,Segunda Classe,US
PED00116,2014-01-28,Classe Padrão,US
PED00117,2014-05-15,Segunda Classe,APAC
PED00118,2014-07-20,Mesmo Dia,EU
PED00119,2014-02-02,Segunda Classe,US
PED00120,2014-02-17,Primeira Classe,APAC
PED00121,2015-05-18,Primeira Classe,APAC
PED00122,2015-02-11,Classe Padrão,US
PED00123,2015-07-28,Classe Padrão,APAC
PED00124,2015-12-29,Segunda Classe,US
PED00125,2014-04-09,Classe Padrão,US
PED00126,2015-11-15,Primeira Classe,US
PED00127,2015-12-27,Mesmo Dia,US
PED00128,2015-07-01,Classe Padrão,US
PED00129,2015-09-05,Classe Padrão,EU
PED00130,2015-04-07,Primeira Classe,US
PED00131,2015-10-05,Classe Padrão,US
PED00132,2014-01-05,Primeira Classe,US
PED00133,2014-08-06,Classe Padrão,EU
PED00134,2015-05-18,Segunda Classe,APAC
PED00135,2015-02-02,Classe Padrão,APAC
PED00136,2015-01-28,Segunda Classe,EU
PED00137,2014-07-26,Classe Padrão,EU
PED00138,2014-01-15,Segunda Classe,US
PED00139,2015-07-08,Classe Padrão,APAC
PED00140,2015-04-06,Primeira Classe,EU
PED00141,2015-11-22,Primeira Classe,LATAM
PED00142,2015-07-29,Classe Padrão,EU
PED00143,2014-08-29,Classe Padrão,US
PED00144,2015-07-18,Classe Padrão,US
PED00145,2014-04-06,Segunda Classe,US
PED00146,2015-04-30,Segunda Classe,EU
PED00147,2015-02-11,Segunda Classe,US
PED00148,2014-08-19,Classe Padrão,US
PED00149,2015-10-17,Classe Padrão,EU
PED00150,2014-06-20,Segunda Classe,US
PED00151,2015-06-25,Classe Padrão,EU
PED00152,2014-02-05,Mesmo Dia,US
PED00153,2015-06-09,Classe Padrão,US
PED00154,2014-06-09,Segunda Classe,US
PED00155,2015-11-30,Classe Padrão,EU
PED00156,2014-08-31,Classe Padrão,US
PED00157,2014-03-27,Primeira Classe,US
PED00158,2015-08-01,Segunda Classe,LATAM
PED00159,2015-11-13,Mesmo Dia,US
PED00160,2015-07-11,Classe Padrão,APAC
PED00161,2015-07-28,Classe Padrão,APAC
PED00162,2015-10-08,Primeira Classe,US
PED00163,2014-01-28,Segunda Classe,APAC
PED00164,2015-09-12,Classe Padrão,US
PED00165,2015-07-10,Classe Padrão,APAC
PED00166,2014-12-06,Classe Padrão,US
PED00167,2014-11-27,Primeira Classe,APAC
PED00168,2015-10-02,Classe Padrão,US
PED00169,2015-05-21,Classe Padrão,APAC
PED00170,2014-12-14,Classe Padrão,US
PED00171,2015-04-18,Classe Padrão,US
PED00172,2014-08-19,Classe Padrão,US
PED00173,2014-07-09,Segunda Classe,US
PED00174,2014-08-13,Classe Padrão,EU
PED00175,2015-01-20,Primeira Classe,US
PED00176,2015-01-12,Classe Padrão,LATAM
PED00177,2014-10-10,Segunda Classe,LATAM
PED00178,2015-09-25,Primeira Classe,APAC
PED00179,2015-09-20,Segunda Classe,US
PED00180,2014-09-16,Segunda Classe,US
PED00181,2014-12-25,Classe Padrão,EU
PED00182,2015-12-11,Classe Padrão,US
PED00183,2015-04-01,Segunda Classe,US
PED00184,2015-02-15,Mesmo Dia,APAC
PED00185,2015-10-11,Segunda Classe,EU
PED00186,2014-11-14,Segunda Classe,EU
PED00187,2015-11-08,Primeira Classe,US
PED00188,2014-08-13,Classe Padrão,APAC
PED00189,2014-08-22,Classe Padrão,US
PED00190,2015-11-15,Segunda Classe,US
PED00191,2015-10-26,Mesmo Dia,EU
PED00192,2015-01-09,Classe Padrão,US
PED00193,2015-11-03,Segunda Classe,US
PED00194,2015-08-31,Classe Padrão,US
PED00195,2015-04-17,Segunda Classe,EU
PED00196,2014-08-21,Classe Padrão,EU
PED00197,2015-11-23,Classe Padrão,APAC
PED00198,2014-04-23,Primeira Classe,EU
PED00199,2015-05-12,Classe Padrão,US
PED00200,2015-03-18,Segunda Classe,US
PED00201,2015-07-18,Primeira Classe,US
PED00202,2014-09-25,Mesmo Dia,US
PED00203,2015-05-25,Classe Padrão,US
PED00204,2015-01-21,Classe Padrão,LATAM
PED00205,2015-01-22,Classe Padrão,US
PED00206,2014-04-23,Mesmo Dia,US
PED00207,2015-09-05,Mesmo Dia,US
PED00208,2015-09-17,Segunda Classe,US
PED00209,2014-03-22,Primeira Classe,LATAM
PED00210,2015-11-30,Segunda Classe,US
PED00211,2014-04-23,Segunda Classe,US
PED00212,2014-01-02,Classe Padrão,EU
PED00213,2015-10-04,Primeira Classe,US
PED00214,2014-08-08,Classe Padrão,US
PED00215,2015-07-20,Primeira Classe,US
PED00216,2014-08-13,Primeira Classe,APAC
PED00217,2015-01-20,Primeira Classe,LATAM
PED00218,2015-02-07,Classe Padrão,EU
PED00219,2015-09-30,Classe Padrão,US
PED00220,2014-05-10,Classe Padrão,EU
PED00221,2014-02-22,Classe Padrão,US
PED00222,2015-11-15,Classe Padrão,US
PED00223,2015-12-31,Mesmo Dia,US
PED00224,2015-11-03,Segunda Classe,US
PED00225,2015-12-11,Classe Padrão,APAC
PED00226,2015-02-20,Classe Padrão,APAC
PED00227,2014-09-04,Classe Padrão,LATAM
PED00228,2015-03-15,Segunda Classe,APAC
PED00229,2014-07-22,Segunda Classe,APAC
PED00230,2014-07-03,Mesmo Dia,US
PED00231,2014-05-03,Classe Padrão,US
PED00232,2015-02-05,Mesmo Dia,APAC
PED00233,2014-10-21,Primeira Classe,US
PED00234,2014-10-07,Classe Padrão,EU
PED00235,2015-09-02,Mesmo Dia,US
PED00236,2014-07-17,Classe Padrão,US
PED00237,2015-05-26,Primeira Classe,US
PED00238,2014-05-24,Classe Padrão,US
PED00239,2015-09-01,Primeira Classe,US
PED00240,2014-07-20,Primeira Classe,EU
PED00241,2014-05-04,Primeira Classe,US
PED00242,2014-07-06,Primeira Classe,APAC
PED00243,2014-11-22,Classe Padrão,US
PED00244,2015-04-09,Classe Padrão,US
PED00245,2014-12-15,Classe Padrão,US
PED00246,2015-10-22,Classe Padrão,EU
PED00247,2015-02-07,Segunda Classe,US
PED00248,2014-12-12,Classe Padrão,EU
PED00249,2015-05-26,Mesmo Dia,US
PED00250,2014-05-27,Segunda Classe,EU
PED00251,2014-05-28,Primeira Classe,US
PED00252,2015-12-12,Classe Padrão,APAC
PED00253,2015-05-04,Primeira Classe,APAC
PED00254,2015-10-02,Mesmo Dia,LATAM
PED00255,2015-07-05,Classe Padrão,US
PED00256,2014-12-04,Segunda Classe,US
PED00257,2015-10-03,Primeira Classe,US
PED00258,2015-04-18,Classe Padrão,EU
PED00259,2014-05-31,Segunda Classe,APAC
PED00260,2015-02-19,Classe Padrão,EU
PED00261,2014-10-25,Classe Padrão,US
PED00262,2015-09-03,Classe Padrão,US
PED00263,2014-09-20,Classe Padrão,US
PED00264,2014-05-24,Classe Padrão,LATAM
PED00265,2014-12-12,Classe Padrão,APAC
PED00266,2015-09-16,Mesmo Dia,LATAM
PED00267,2015-07-26,Segunda Classe,US
PED00268,2014-01-02,Mesmo Dia,APAC
PED00269,2014-10-31,Classe Padrão,APAC
PED00270,2014-09-11,Classe Padrão,US
PED00271,2015-10-14,Segunda Classe,EU
PED00272,2015-03-29,Classe Padrão,LATAM
PED00273,2014-02-06,Classe Padrão,EU
PED00274,2014-06-09,Segunda Classe,EU
PED00275,2014-01-09,Classe Padrão,US
PED00276,2014-08-21,Segunda Classe,US
PED00277,2014-04-09,Segunda Classe,LATAM
PED00278,2015-10-21,Classe Padrão,US
PED00279,2014-07-27,Classe Padrão,EU
PED00280,2014-05-11,Primeira Classe,EU
PED00281,2015-02-08,Classe Padrão,APAC
PED00282,2014-06-01,Classe Padrão,LATAM
PED00283,2014-02-23,Mesmo Dia,US
PED00284,2014-04-30,Classe Padrão,US
PED00285,2015-11-04,Segunda Classe,US
PED00286,2015-09-20,Mesmo Dia,US
PED00287,2015-08-10,Classe Padrão,US
PED00288,2015-09-17,Classe Padrão,US
PED00289,2015-02-24,Classe Padrão,EU
PED00290,2015-02-26,Classe Padrão,LATAM
PED00291,2014-04-14,Classe Padrão,US
PED00292,2014-09-11,Segunda Classe,US
PED00293,2014-08-15,Classe Padrão,LATAM
PED00294,2014-04-22,Segunda Classe,US
PED00295,2015-05-25,Mesmo Dia,US
PED00296,2015-04-18,Primeira Classe,US
PED00297,2014-04-09,Segunda Classe,APAC
PED00298,2014-06-02,Classe Padrão,US
PED00299,2014-12-04,Segunda Classe,LATAM
PED00300,2015-12-07,Segunda Classe,US
PED00301,2014-06-12,Classe Padrão,APAC
PED00302,2015-12-21,Classe Padrão,US
PED00303,2015-11-12,Primeira Classe,US
PED00304,2014-06-10,Classe Padrão,APAC
PED00305,2015-08-03,Classe Padrão,EU
PED00306,2015-02-02,Classe Padrão,EU
PED00307,2014-10-04,Classe Padrão,APAC
PED00308,2015-05-19,Primeira Classe,LATAM
PED00309,2015-01-27,Primeira Classe,EU
PED00310,2014-05-15,Primeira Classe,EU
PED00311,2014-07-14,Classe Padrão,US
PED00312,2015-02-05,Classe Padrão,US
PED00313,2015-10-02,Classe Padrão,US
PED00314,2014-02-02,Classe Padrão,APAC
PED00315,2015-11-19,Classe Padrão,US
PED00316,2015-04-05,Primeira Classe,US
PED00317,2015-04-15,Classe Padrão,EU
PED00318,2015-01-10,Segunda Classe,EU
PED00319,2014-01-22,Classe Padrão,LATAM
PED00320,2015-11-01,Classe Padrão,US
PED00321,2014-02-07,Classe Padrão,APAC
PED00322,2014-08-18,Mesmo Dia,US
PED00323,2014-12-31,Primeira Classe,US
PED00324,2015-07-17,Mesmo Dia,US
PED00325,2015-03-14,Classe Padrão,US
PED00326,2014-10-10,Classe Padrão,US
PED00327,2014-01-27,Segunda Classe,EU
PED00328,2014-08-14,Classe Padrão,US
PED00329,2014-10-04,Primeira Classe,EU
PED00330,2015-09-01,Classe Padrão,APAC
PED00331,2014-10-11,Classe Padrão,US
PED00332,2015-04-26,Classe Padrão,US
PED00333,2015-03-29,Classe Padrão,US
PED00334,2015-10-21,Primeira Classe,APAC
PED00335,2015-05-31,Classe Padrão,US
PED00336,2015-07-01,Classe Padrão,US
PED00337,2014-07-11,Classe Padrão,US
PED00338,2014-02-18,Classe Padrão,APAC
PED00339,2015-05-27,Primeira Classe,LATAM
PED00340,2014-01-17,Primeira Classe,US
PED00341,2014-06-21,Mesmo Dia,EU
PED00342,2014-08-08,Primeira Classe,APAC
PED00343,2014-06-07,Classe Padrão,LATAM
PED00344,2015-04-22,Segunda Classe,EU
PED00345,2014-02-15,Classe Padrão,APAC
PED00346,2015-01-08,Classe Padrão,APAC
PED00347,2015-06-02,Primeira Classe,EU
PED00348,2014-04-09,Classe Padrão,US
PED00349,2014-02-06,Mesmo Dia,US
PED00350,2014-10-07,Classe Padrão,US
PED00351,2014-12-15,Segunda Classe,EU
PED00352,2015-05-12,Segunda Classe,EU
PED00353,2014-10-29,Primeira Classe,US
PED00354,2014-06-30,Segunda Classe,APAC
PED00355,2015-08-30,Segunda Classe,US
PED00356,2014-04-09,Classe Padrão,US
PED00357,2015-12-01,Segunda Classe,LATAM
PED00358,2014-04-26,Classe Padrão,US
PED00359,2014-07-10,Primeira Classe,US
PED00360,2014-09-10,Segunda Classe,APAC
PED00361,2014-06-10,Segunda Classe,EU
PED00362,2014-09-13,Classe Padrão,US
PED00363,2014-11-19,Classe Padrão,APAC
PED00364,2014-05-08,Primeira Classe,APAC
PED00365,2014-01-18,Classe Padrão,US
PED00366,2015-07-20,Classe Padrão,US
PED00367,2015-07-24,Classe Padrão,APAC
PED00368,2014-11-19,Mesmo Dia,US
PED00369,2015-11-17,Primeira Classe,LATAM
PED00370,2015-09-18,Classe Padrão,EU
PED00371,2014-10-15,Classe Padrão,LATAM
PED00372,2015-10-25,Classe Padrão,US
PED00373,2015-10-01,Primeira Classe,LATAM
PED00374,2014-06-04,Segunda Classe,US
PED00375,2015-05-05,Classe Padrão,US
PED00376,2015-01-21,Classe Padrão,US
PED00377,2014-04-14,Classe Padrão,US
PED00378,2015-01-28,Segunda Classe,APAC
PED00379,2014-09-03,Primeira Classe,US
PED00380,2014-06-25,Classe Padrão,US
PED00381,2014-02-08,Classe Padrão,APAC
PED00382,2015-04-22,Classe Padrão,US
PED00383,2015-11-13,Mesmo Dia,APAC
PED00384,2015-06-22,Classe Padrão,US
PED00385,2015-02-12,Primeira Classe,EU
PED00386,2015-06-09,Segunda Classe,EU
PED00387,2015-05-21,Classe Padrão,US
PED00388,2014-02-05,Classe Padrão,US
PED00389,2015-11-16,Classe Padrão,US
PED00390,2014-01-20,Segunda Classe,EU
PED00391,2014-11-17,Primeira Classe,US
PED00392,2015-05-27,Segunda Classe,US
PED00393,2015-02-04,Segunda Classe,US
PED00394,2015-10-16,Classe Padrão,US
PED00395,2015-04-16,Mesmo Dia,US
PED00396,2014-05-23,Primeira Classe,EU
PED00397,2014-04-02,Classe Padrão,US
PED00398,2014-12-20,Mesmo Dia,US
PED00399,2015-12-28,Segunda Classe,EU
PED00400,2014-02-20,Segunda Classe,EU
PED00401,2015-10-27,Primeira Classe,US
PED00402,2015-11-29,Primeira Classe,US
PED00403,2015-07-29,Segunda Classe,US
PED00404,2014-07-09,Classe Padrão,LATAM
PED00405,2014-05-05,Classe Padrão,US
PED00406,2014-05-30,Mesmo Dia,LATAM
PED00407,2014-11-10,Classe Padrão,APAC
PED00408,2015-07-24,Classe Padrão,APAC
PED00409,2014-12-08,Classe Padrão,US
PED00410,2014-11-01,Classe Padrão,US
PED00411,2015-11-23,Segunda Classe,US
PED00412,2015-11-13,Mesmo Dia,US
PED00413,2014-02-23,Classe Padrão,APAC
PED00414,2015-03-20,Classe Padrão,LATAM
PED00415,2015-09-05,Classe Padrão,APAC
PED00416,2014-09-21,Primeira Classe,EU
PED00417,2014-02-22,Segunda Classe,US
PED00418,2015-07-26,Classe Padrão,US
PED00419,2015-09-12,Primeira Classe,US
PED00420,2014-01-05,Primeira Classe,APAC
PED00421,2014-04-13,Primeira Classe,LATAM
PED00422,2014-07-15,Mesmo Dia,APAC
PED00423,2014-12-16,Classe Padrão,US
PED00424,2014-02-16,Primeira Classe,US
PED00425,2015-10-18,Classe Padrão,APAC
PED00426,2014-09-26,Primeira Classe,US
PED00427,2015-01-05,Primeira Classe,EU
PED00428,2015-09-28,Primeira Classe,EU
PED00429,2014-04-16,Segunda Classe,APAC
PED00430,2015-11-01,Classe Padrão,US
PED00431,2015-10-21,Segunda Classe,US
PED00432,2015-10-19,Mesmo Dia,US
PED00433,2014-04-30,Mesmo Dia,US
PED00434,2015-08-27,Classe Padrão,US
PED00435,2014-02-27,Classe Padrão,APAC
PED00436,2014-12-12,Classe Padrão,APAC
PED00437,2015-04-19,Primeira Classe,US
PED00438,2014-04-27,Primeira Classe,US
PED00439,2014-05-07,Classe Padrão,US
PED00440,2015-01-28,Segunda Classe,US
PED00441,2015-10-03,Primeira Classe,EU
PED00442,2014-02-27,Primeira Classe,US
PED00443,2015-09-26,Segunda Classe,US
PED00444,2015-05-28,Segunda Classe,US
PED00445,2014-04-06,Segunda Classe,EU
PED00446,2015-09-30,Classe Padrão,APAC
PED00447,2014-04-28,Segunda Classe,US
PED00448,2015-07-14,Segunda Classe,APAC
PED00449,2015-08-24,Primeira Classe,EU
PED00450,2015-05-03,Segunda Classe,LATAM
PED00451,2014-08-25,Primeira Classe,US
PED00452,2014-09-29,Classe Padrão,EU
PED00453,2014-07-08,Classe Padrão,LATAM
PED00454,2015-12-05,Classe Padrão,LATAM
PED00455,2015-03-23,Classe Padrão,APAC
PED00456,2015-08-04,Primeira Classe,APAC
PED00457,2014-09-04,Mesmo Dia,US
PED00458,2014-03-17,Classe Padrão,EU
PED00459,2014-06-03,Classe Padrão,APAC
PED00460,2015-10-18,Primeira Classe,APAC
PED00461,2015-03-11,Classe Padrão,US
PED00462,2014-03-27,Segunda Classe,EU
PED00463,2015-11-28,Primeira Classe,EU
PED00464,2014-10-12,Segunda Classe,US
PED00465,2014-08-08,Classe Padrão,EU
PED00466,2014-03-10,Classe Padrão,APAC
PED00467,2014-02-16,Primeira Classe,EU
PED00468,2014-04-04,Segunda Classe,US
PED00469,2015-03-29,Classe Padrão,US
PED00470,2014-07-23,Primeira Classe,LATAM
PED00471,2014-08-06,Classe Padrão,US
PED00472,2015-04-19,Primeira Classe,EU
PED00473,2015-03-08,Classe Padrão,US
PED00474,2014-12-07,Mesmo Dia,APAC
PED00475,2015-07-05,Classe Padrão,US
PED00476,2015-09-04,Classe Padrão,APAC
PED00477,2014-10-16,Classe Padrão,US
PED00478,2014-09-11,Classe Padrão,US
PED00479,2014-12-23,Primeira Classe,US
PED00480,2014-01-23,Mesmo Dia,US
PED00481,2015-06-06,Classe Padrão,LATAM
PED00482,2014-04-10,Classe Padrão,LATAM
PED00483,2014-06-29,Primeira Classe,US
PED00484,2014-08-11,Primeira Classe,EU
PED00485,2015-10-21,Segunda Classe,US
PED00486,2015-03-18,Classe Padrão,APAC
PED00487,2015-08-31,Classe Padrão,EU
PED00488,2014-11-21,Segunda Classe,LATAM
PED00489,2015-05-31,Classe Padrão,US
PED00490,2014-01-16,Segunda Classe,EU
PED00491,2014-12-02,Classe Padrão,US
PED00492,2014-09-15,Primeira Classe,LATAM
PED00493,2015-05-12,Classe Padrão,US
PED00494,2014-06-09,Segunda Classe,APAC
PED00495,2015-04-20,Classe Padrão,APAC
PED00496,2015-10-26,Segunda Classe,APAC
PED00497,2015-11-21,Classe Padrão,US
PED00498,2015-11-06,Segunda Classe,LATAM
PED00499,2015-01-15,Segunda Classe,US
PED00500,2015-06-29,Segunda Classe,APAC
PED00501,2015-11-22,Segunda Classe,US
PED00502,2015-03-03,Segunda Classe,US
PED00503,2015-09-05,Primeira Classe,APAC
PED00504,2014-09-25,Classe Padrão,US
PED00505,2015-07-31,Primeira Classe,US
PED00506,2015-02-21,Classe Padrão,US
PED00507,2014-06-17,Classe Padrão,US
PED00508,2014-02-12,Classe Padrão,EU
PED00509,2015-07-10,Classe Padrão,EU
PED00510,2014-10-12,Primeira Classe,US
PED00511,2015-02-01,Primeira Classe,US
PED00512,2014-01-12,Primeira Classe,US
PED00513,2015-08-30,Segunda Classe,US
PED00514,2014-10-29,Classe Padrão,APAC
PED00515,2014-09-10,Classe Padrão,APAC
PED00516,2015-05-14,Classe Padrão,US
PED00517,2014-02-04,Classe Padrão,US
PED00518,2015-12-28,Classe Padrão,US
PED00519,2014-03-31,Classe Padrão,EU
PED00520,2015-08-28,Segunda Classe,LATAM
PED00521,2015-08-25,Primeira Classe,US
PED00522,2015-02-22,Mesmo Dia,US
PED00523,2014-04-25,Mesmo Dia,EU
PED00524,2015-09-09,Segunda Classe,LATAM
PED00525,2014-07-15,Classe Padrão,US
PED00526,2015-05-16,Segunda Classe,US
PED00527,2015-09-18,Primeira Classe,US
PED00528,2015-05-08,Classe Padrão,APAC
PED00529,2014-03-16,Classe Padrão,US
PED00530,2015-02-17,Primeira Classe,US
PED00531,2015-01-11,Classe Padrão,APAC
PED00532,2015-02-24,Segunda Classe,US
PED00533,2015-12-30,Segunda Classe,EU
PED00534,2014-10-04,Classe Padrão,US
PED00535,2015-11-07,Classe Padrão,US
PED00536,2015-01-29,Classe Padrão,APAC
PED00537,2015-04-02,Classe Padrão,US
PED00538,2014-07-11,Classe Padrão,LATAM
PED00539,2015-11-20,Primeira Classe,APAC
PED00540,2014-04-09,Classe Padrão,US
PED00541,2015-07-02,Segunda Classe,EU
PED00542,2014-04-06,Classe Padrão,US
PED00543,2015-10-26,Mesmo Dia,LATAM
PED00544,2015-10-25,Classe Padrão,US
PED00545,2014-07-09,Classe Padrão,APAC
PED00546,2014-02-06,Primeira Classe,US
PED00547,2015-01-04,Primeira Classe,US
PED00548,2015-11-26,Classe Padrão,EU
PED00549,2015-06-09,Primeira Classe,EU
PED00550,2014-10-06,Classe Padrão,US
PED00551,2014-08-05,Classe Padrão,US
PED00552,2014-09-30,Classe Padrão,EU
PED00553,2014-03-03,Classe Padrão,LATAM
PED00554,2015-08-19,Primeira Classe,US
PED00555,2015-12-30,Classe Padrão,US
PED00556,2014-12-08,Classe Padrão,US
PED00557,2015-02-01,Primeira Classe,EU
PED00558,2015-11-30,Primeira Classe,US
PED00559,2014-01-19,Classe Padrão,US
PED00560,2014-06-26,Segunda Classe,EU
PED00561,2015-09-04,Classe Padrão,US
PED00562,2015-01-31,Primeira Classe,US
PED00563,2015-03-21,Segunda Classe,US
PED00564,2014-08-21,Mesmo Dia,US
PED00565,2014-03-17,Classe Padrão,US
PED00566,2014-09-22,Classe Padrão,APAC
PED00567,2015-03-31,Classe Padrão,US
PED00568,2015-12-19,Classe Padrão,APAC
PED00569,2015-01-19,Classe Padrão,EU
PED00570,2015-07-18,Mesmo Dia,EU
PED00571,2015-05-21,Classe Padrão,US
PED00572,2015-01-02,Classe Padrão,US
PED00573,2014-05-24,Primeira Classe,US
PED00574,2014-03-10,Classe Padrão,US
PED00575,2014-04-09,Primeira Classe,US
PED00576,2015-01-31,Classe Padrão,APAC
PED00577,2014-01-25,Classe Padrão,US
PED00578,2015-04-14,Classe Padrão,US
PED00579,2015-04-29,Classe Padrão,US
PED00580,2015-07-19,Mesmo Dia,APAC
PED00581,2014-05-31,Classe Padrão,US
PED00582,2014-05-24,Segunda Classe,APAC
PED00583,2015-07-23,Classe Padrão,US
PED00584,2014-02-08,Classe Padrão,EU
PED00585,2014-04-19,Primeira Classe,EU
PED00586,2015-11-24,Classe Padrão,US
PED00587,2014-02-11,Segunda Classe,US
PED00588,2014-07-05,Mesmo Dia,US
PED00589,2015-02-02,Segunda Classe,US
PED00590,2014-08-11,Mesmo Dia,APAC
PED00591,2015-09-26,Classe Padrão,EU
PED00592,2014-05-13,Classe Padrão,APAC
PED00593,2014-06-12,Classe Padrão,EU
PED00594,2014-08-03,Primeira Classe,US
PED00595,2014-08-23,Mesmo Dia,US
PED00596,2015-10-20,Classe Padrão,EU
PED00597,2015-08-11,Segunda Classe,US
PED00598,2014-01-09,Classe Padrão,APAC
PED00599,2014-03-15,Segunda Classe,US
PED00600,2015-05-07,Classe Padrão,US
PED00601,2014-09-10,Mesmo Dia,LATAM
PED00602,2014-08-18,Segunda Classe,US
PED00603,2015-06-03,Classe Padrão,LATAM
PED00604,2014-06-23,Classe Padrão,LATAM
PED00605,2015-10-15,Classe Padrão,EU
PED00606,2014-06-17,Classe Padrão,APAC
PED00607,2014-06-19,Classe Padrão,APAC
PED00608,2015-01-28,Primeira Classe,EU
PED00609,2015-09-26,Segunda Classe,US
PED00610,2014-07-13,Segunda Classe,US
PED00611,2015-06-01,Classe Padrão,APAC
PED00612,2014-01-29,Primeira Classe,US
PED00613,2014-06-14,Primeira Classe,US
PED00614,2015-02-26,Classe Padrão,US
PED00615,2014-12-05,Primeira Classe,APAC
PED00616,2015-10-10,Segunda Classe,EU
PED00617,2015-05-11,Classe Padrão,US
PED00618,2014-12-31,Classe Padrão,LATAM
PED00619,2014-12-08,Classe Padrão,APAC
PED00620,2015-05-15,Classe Padrão,EU
PED00621,2015-10-19,Mesmo Dia,APAC
PED00622,2015-05-26,Primeira Classe,EU
PED00623,2014-11-23,Segunda Classe,US
PED00624,2014-08-05,Classe Padrão,EU
PED00625,2014-10-28,Classe Padrão,US
PED00626,2014-05-12,Segunda Classe,EU
PED00627,2014-03-11,Segunda Classe,LATAM
PED00628,2014-09-09,Classe Padrão,US
PED00629,2015-02-19,Segunda Classe,US
PED00630,2015-03-21,Primeira Classe,EU
PED00631,2014-07-01,Classe Padrão,US
PED00632,2014-06-16,Classe Padrão,EU
PED00633,2014-04-01,Primeira Classe,US
PED00634,2015-12-15,Classe Padrão,US
PED00635,2015-06-15,Classe Padrão,LATAM
PED00636,2014-02-08,Classe Padrão,APAC
PED00637,2014-05-06,Classe Padrão,EU
PED00638,2015-03-27,Primeira Classe,US
PED00639,2014-06-22,Segunda Classe,APAC
PED00640,2015-10-15,Classe Padrão,APAC
PED00641,2014-08-08,Primeira Classe,APAC
PED00642,2015-09-30,Primeira Classe,APAC
PED00643,2014-02-27,Primeira Classe,APAC
PED00644,2015-10-22,Classe Padrão,US
PED00645,2015-04-21,Classe Padrão,US
PED00646,2015-04-01,Mesmo Dia,EU
PED00647,2014-12-27,Primeira Classe,US
PED00648,2014-01-01,Classe Padrão,APAC
PED00649,2015-01-22,Classe Padrão,US
PED00650,2014-12-14,Classe Padrão,APAC
PED00651,2014-07-09,Mesmo Dia,EU
PED00652,2015-05-20,Segunda Classe,US
PED00653,2014-07-10,Classe Padrão,US
PED00654,2015-05-23,Classe Padrão,US
PED00655,2015-01-04,Segunda Classe,APAC
PED00656,2015-02-13,Primeira Classe,EU
PED00657,2014-04-27,Classe Padrão,US
PED00658,2014-05-14,Primeira Classe,EU
PED00659,2014-02-27,Mesmo Dia,US
PED00660,2015-07-10,Classe Padrão,US
PED00661,2015-11-16,Segunda Classe,LATAM
PED00662,2015-11-03,Classe Padrão,US
PED00663,2014-06-22,Primeira Classe,US
PED00664,2014-05-29,Segunda Classe,US
PED00665,2014-03-21,Segunda Classe,US
PED00666,2014-08-01,Primeira Classe,US
PED00667,2014-07-22,Classe Padrão,US
PED00668,2014-08-17,Mesmo Dia,APAC
PED00669,2015-11-07,Segunda Classe,US
PED00670,2014-08-15,Classe Padrão,APAC
PED00671,2015-10-21,Segunda Classe,US
PED00672,2015-06-16,Primeira Classe,US
PED00673,2015-03-17,Classe Padrão,APAC
PED00674,2015-02-06,Primeira Classe,LATAM
PED00675,2014-02-16,Mesmo Dia,US
PED00676,2014-08-21,Classe Padrão,EU
PED00677,2014-11-01,Mesmo Dia,APAC
PED00678,2015-06-10,Classe Padrão,APAC
PED00679,2014-05-23,Classe Padrão,APAC
PED00680,2015-02-19,Classe Padrão,US
PED00681,2015-05-28,Primeira Classe,US
PED00682,2015-01-08,Segunda Classe,APAC
PED00683,2015-07-20,Classe Padrão,US
PED00684,2014-09-16,Classe Padrão,LATAM
PED00685,2015-10-18,Segunda Classe,US
PED00686,2015-04-16,Classe Padrão,US
PED00687,2014-01-12,Primeira Classe,EU
PED00688,2014-11-26,Primeira Classe,US
PED00689,2014-12-24,Segunda Classe,APAC
PED00690,2015-02-12,Mesmo Dia,APAC
PED00691,2015-10-30,Classe Padrão,LATAM
PED00692,2015-01-08,Mesmo Dia,EU
PED00693,2014-01-08,Segunda Classe,APAC
PED00694,2014-05-02,Segunda Classe,APAC
PED00695,2014-12-14,Classe Padrão,LATAM
PED00696,2015-11-07,Primeira Classe,US
PED00697,2014-03-31,Classe Padrão,US
PED00698,2015-10-10,Classe Padrão,US
PED00699,2015-11-29,Classe Padrão,US
PED00700,2014-11-12,Segunda Classe,APAC
PED00701,2014-06-27,Segunda Classe,APAC
PED00702,2015-06-24,Primeira Classe,APAC
PED00703,2014-02-10,Primeira Classe,US
PED00704,2015-12-05,Classe Padrão,EU
PED00705,2015-05-17,Primeira Classe,US
PED00706,2014-05-25,Classe Padrão,APAC
PED00707,2014-07-20,Primeira Classe,APAC
PED00708,2015-12-25,Primeira Classe,US
PED00709,2015-04-06,Segunda Classe,US
PED00710,2015-07-12,Primeira Classe,US
PED00711,2015-07-01,Classe Padrão,EU
PED00712,2014-09-10,Classe Padrão,LATAM
PED00713,2015-01-25,Primeira Classe,APAC
PED00714,2015-08-17,Classe Padrão,US
PED00715,2014-09-13,Classe Padrão,US
PED00716,2015-12-10,Classe Padrão,EU
PED00717,2015-03-26,Primeira Classe,EU
PED00718,2014-01-10,Classe Padrão,US
PED00719,2014-08-30,Classe Padrão,US
PED00720,2014-09-08,Primeira Classe,EU
PED00721,2014-01-05,Primeira Classe,US
PED00722,2014-04-29,Classe Padrão,US
PED00723,2015-01-09,Classe Padrão,US
PED00724,2014-03-06,Classe Padrão,APAC
PED00725,2014-05-26,Classe Padrão,EU
PED00726,2014-08-12,Classe Padrão,LATAM
PED00727,2014-08-27,Primeira Classe,APAC
PED00728,2014-06-26,Segunda Classe,APAC
PED00729,2014-10-09,Segunda Classe,US
PED00730,2014-03-04,Classe Padrão,APAC
PED00731,2014-08-05,Primeira Classe,US
PED00732,2015-11-20,Classe Padrão,APAC
PED00733,2015-04-06,Mesmo Dia,US
PED00734,2015-09-02,Segunda Classe,US
PED00735,2014-04-15,Classe Padrão,US
PED00736,2014-04-09,Segunda Classe,US
PED00737,2015-05-26,Classe Padrão,US
PED00738,2015-01-20,Segunda Classe,US
PED00739,2015-02-09,Classe Padrão,LATAM
PED00740,2015-06-02,Classe Padrão,US
PED00741,2015-04-21,Primeira Classe,APAC
PED00742,2015-12-10,Classe Padrão,EU
PED00743,2015-10-07,Primeira Classe,LATAM
PED00744,2015-03-13,Classe Padrão,APAC
PED00745,2014-01-23,Segunda Classe,EU
PED00746,2015-07-19,Segunda Classe,US
PED00747,2015-11-08,Segunda Classe,US
PED00748,2015-12-15,Classe Padrão,US
PED00749,2015-04-03,Classe Padrão,APAC
PED00750,2014-03-24,Classe Padrão,APAC
PED00751,2014-05-25,Classe Padrão,US
PED00752,2014-03-26,Segunda Classe,US
PED00753,2014-03-19,Mesmo Dia,APAC
PED00754,2015-04-02,Primeira Classe,US
PED00755,2014-01-01,Primeira Classe,APAC
PED00756,2014-02-20,Primeira Classe,APAC
PED00757,2015-11-16,Segunda Classe,EU
PED00758,2015-12-18,Classe Padrão,EU
PED00759,2015-03-22,Mesmo Dia,EU
PED00760,2015-03-25,Segunda Classe,US
PED00761,2015-05-03,Segunda Classe,EU
PED00762,2014-02-03,Classe Padrão,APAC
PED00763,2014-12-14,Classe Padrão,US
PED00764,2014-04-05,Classe Padrão,US
PED00765,2014-03-13,Primeira Classe,US
PED00766,2015-07-05,Segunda Classe,US
PED00767,2014-06-03,Classe Padrão,APAC
PED00768,2014-09-07,Mesmo Dia,EU
PED00769,2015-11-05,Classe Padrão,US
PED00770,2015-03-14,Classe Padrão,US
PED00771,2014-04-28,Classe Padrão,LATAM
PED00772,2014-11-02,Primeira Classe,US
PED00773,2014-09-25,Mesmo Dia,US
PED00774,2014-02-23,Classe Padrão,APAC
PED00775,2014-08-24,Primeira Classe,APAC
PED00776,2015-01-24,Classe Padrão,US
PED00777,2015-02-05,Mesmo Dia,US
PED00778,2015-09-16,Primeira Classe,US
PED00779,2014-10-30,Primeira Classe,APAC
PED00780,2014-07-26,Classe Padrão,APAC
PED00781,2014-08-17,Mesmo Dia,US
PED00782,2015-08-01,Primeira Classe,APAC
PED00783,2014-03-16,Classe Padrão,EU
PED00784,2015-03-11,Primeira Classe,US
PED00785,2014-04-13,Classe Padrão,US
PED00786,2015-02-26,Primeira Classe,APAC
PED00787,2015-12-05,Classe Padrão,US
PED00788,2014-11-02,Primeira Classe,US
PED00789,2014-04-08,Segunda Classe,APAC
PED00790,2014-12-01,Classe Padrão,EU
PED00791,2015-03-11,Classe Padrão,EU
PED00792,2015-03-23,Classe Padrão,APAC
PED00793,2014-11-04,Classe Padrão,EU
PED00794,2014-09-06,Classe Padrão,US
PED00795,2014-06-15,Segunda Classe,APAC
PED00796,2015-04-26,Classe Padrão,US
PED00797,2014-12-01,Classe Padrão,US
PED00798,2015-06-26,Primeira Classe,EU
PED00799,2014-04-16,Classe Padrão,APAC
PED00800,2015-07-17,Mesmo Dia,US
PED00801,2014-03-22,Primeira Classe,LATAM
PED00802,2014-05-13,Segunda Classe,US
PED00803,2014-05-18,Segunda Classe,US
PED00804,2014-07-03,Primeira Classe,US
PED00805,2015-02-05,Classe Padrão,EU
PED00806,2014-11-26,Classe Padrão,EU
PED00807,2015-05-23,Classe Padrão,US
PED00808,2014-03-10,Primeira Classe,APAC
PED00809,2015-06-30,Classe Padrão,US
PED00810,2014-02-22,Segunda Classe,EU
PED00811,2015-03-26,Mesmo Dia,US
PED00812,2014-07-24,Primeira Classe,US
PED00813,2014-05-06,Segunda Classe,LATAM
PED00814,2014-02-12,Classe Padrão,US
PED00815,2014-04-21,Primeira Classe,US
PED00816,2015-10-25,Segunda Classe,APAC
PED00817,2014-07-02,Classe Padrão,LATAM
PED00818,2014-04-05,Classe Padrão,US
PED00819,2015-01-09,Mesmo Dia,US
PED00820,2015-06-04,Segunda Classe,US
PED00821,2014-12-26,Primeira Classe,APAC
PED00822,2015-11-27,Primeira Classe,US
PED00823,2014-10-08,Segunda Classe,APAC
PED00824,2014-07-14,Segunda Classe,LATAM
PED00825,2014-07-14,Classe Padrão,US
PED00826,2015-10-29,Classe Padrão,US
PED00827,2014-04-03,Classe Padrão,US
PED00828,2015-11-03,Primeira Classe,US
PED00829,2014-03-02,Segunda Classe,EU
PED00830,2015-09-26,Primeira Classe,US
PED00831,2014-02-20,Classe Padrão,US
PED00832,2015-02-07,Segunda Classe,APAC
PED00833,2014-01-05,Segunda Classe,US
PED00834,2015-04-11,Segunda Classe,APAC
PED00835,2015-08-27,Primeira Classe,US
PED00836,2015-11-13,Classe Padrão,EU
PED00837,2015-06-18,Segunda Classe,LATAM
PED00838,2015-02-09,Classe Padrão,APAC
PED00839,2015-05-28,Classe Padrão,LATAM
PED00840,2015-10-07,Classe Padrão,US
PED00841,2014-08-21,Segunda Classe,US
PED00842,2015-06-08,Mesmo Dia,APAC
PED00843,2014-12-12,Segunda Classe,APAC
PED00844,2014-02-15,Primeira Classe,US
PED00845,2015-06-30,Segunda Classe,US
PED00846,2014-03-19,Segunda Classe,US
PED00847,2015-12-31,Classe Padrão,US
PED00848,2014-03-14,Classe Padrão,US
PED00849,2014-09-06,Classe Padrão,EU
PED00850,2014-02-16,Classe Padrão,US
PED00851,2014-05-01,Classe Padrão,US
PED00852,2014-08-02,Classe Padrão,APAC
PED00853,2014-08-27,Classe Padrão,APAC
PED00854,2014-02-25,Mesmo Dia,EU
PED00855,2014-12-16,Classe Padrão,APAC
PED00856,2014-04-17,Classe Padrão,US
PED00857,2014-02-17,Classe Padrão,EU
PED00858,2015-07-27,Segunda Classe,APAC
PED00859,2014-12-03,Classe Padrão,US
PED00860,2014-01-26,Classe Padrão,APAC
PED00861,2014-09-14,Segunda Classe,LATAM
PED00862,2014-01-08,Classe Padrão,US
PED00863,2015-09-17,Classe Padrão,US
PED00864,2014-09-10,Classe Padrão,US
PED00865,2015-11-23,Classe Padrão,US
PED00866,2015-12-20,Classe Padrão,US
PED00867,2014-10-30,Classe Padrão,APAC
PED00868,2015-10-01,Primeira Classe,US
PED00869,2014-02-25,Segunda Classe,LATAM
PED00870,2015-12-27,Segunda Classe,EU
PED00871,2015-06-10,Classe Padrão,APAC
PED00872,2015-04-19,Mesmo Dia,EU
PED00873,2014-01-28,Classe Padrão,US
PED00874,2014-03-19,Classe Padrão,US
PED00875,2014-08-04,Segunda Classe,APAC
PED00876,2015-01-21,Classe Padrão,EU
PED00877,2014-12-31,Classe Padrão,EU
PED00878,2015-10-28,Segunda Classe,US
PED00879,2015-06-10,Primeira Classe,LATAM
PED00880,2015-11-30,Classe Padrão,US
PED00881,2014-11-08,Primeira Classe,EU
PED00882,2014-01-07,Mesmo Dia,LATAM
PED00883,2014-01-03,Classe Padrão,US
PED00884,2015-09-15,Classe Padrão,EU
PED00885,2014-12-29,Classe Padrão,US
PED00886,2015-05-23,Classe Padrão,US
PED00887,2014-10-01,Classe Padrão,APAC
PED00888,2015-05-21,Mesmo Dia,APAC
PED00889,2014-01-15,Primeira Classe,LATAM
PED00890,2014-07-11,Segunda Classe,APAC
PED00891,2015-09-23,Classe Padrão,US
PED00892,2015-04-30,Primeira Classe,EU
PED00893,2014-01-28,Mesmo Dia,LATAM
PED00894,2015-12-15,Primeira Classe,US
PED00895,2014-02-08,Classe Padrão,LATAM
PED00896,2014-09-30,Segunda Classe,US
PED00897,2014-08-19,Classe Padrão,EU
PED00898,2014-03-27,Classe Padrão,US
PED00899,2015-04-19,Classe Padrão,US
PED00900,2014-05-06,Segunda Classe,US
PED00901,2015-06-21,Segunda Classe,APAC
PED00902,2014-05-25,Classe Padrão,US
PED00903,2015-06-09,Classe Padrão,US
PED00904,2014-07-31,Classe Padrão,APAC
PED00905,2014-01-25,Classe Padrão,LATAM
PED00906,2015-08-03,Classe Padrão,US
PED00907,2015-01-29,Classe Padrão,US
PED00908,2014-03-08,Primeira Classe,US
PED00909,2014-08-21,Classe Padrão,US
PED00910,2014-04-19,Classe Padrão,EU
PED00911,2014-05-26,Classe Padrão,EU
PED00912,2014-04-21,Mesmo Dia,APAC
PED00913,2014-08-16,Segunda Classe,US
PED00914,2014-04-21,Segunda Classe,EU
PED00915,2015-04-15,Classe Padrão,APAC
PED00916,2014-02-03,Segunda Classe,EU
PED00917,2015-09-15,Classe Padrão,APAC
PED00918,2015-01-04,Segunda Classe,EU
PED00919,2015-08-18,Mesmo Dia,APAC
PED00920,2015-07-08,Segunda Classe,US
PED00921,2015-03-01,Primeira Classe,LATAM
PED00922,2015-09-05,Primeira Classe,APAC
PED00923,2015-06-02,Classe Padrão,APAC
PED00924,2015-11-23,Mesmo Dia,US
PED00925,2014-10-09,Classe Padrão,APAC
PED00926,2014-11-16,Segunda Classe,APAC
PED00927,2015-03-19,Classe Padrão,US
PED00928,2014-11-11,Classe Padrão,US
PED00929,2015-01-12,Classe Padrão,APAC
PED00930,2014-10-16,Classe Padrão,EU
PED00931,2015-03-13,Classe Padrão,APAC
PED00932,2015-10-24,Segunda Classe,US
PED00933,2014-10-04,Classe Padrão,APAC
PED00934,2015-12-11,Classe Padrão,US
PED00935,2015-08-05,Segunda Classe,US
PED00936,2015-05-18,Classe Padrão,US
PED00937,2015-09-16,Primeira Classe,US
PED00938,2015-05-31,Segunda Classe,US
PED00939,2014-12-16,Primeira Classe,US
PED00940,2015-03-22,Segunda Classe,US
PED00941,2014-12-16,Classe Padrão,US
PED00942,2015-08-30,Segunda Classe,APAC
PED00943,2015-10-26,Classe Padrão,US
PED00944,2014-05-17,Classe Padrão,US
PED00945,2014-08-31,Primeira Classe,EU
PED00946,2015-06-27,Classe Padrão,US
PED00947,2014-02-09,Primeira Classe,APAC
PED00948,2014-08-17,Primeira Classe,US
PED00949,2015-07-02,Primeira Classe,US
PED00950,2014-08-11,Mesmo Dia,APAC
PED00951,2014-01-06,Classe Padrão,APAC
PED00952,2014-11-18,Classe Padrão,EU
PED00953,2015-04-13,Segunda Classe,APAC
PED00954,2014-03-16,Classe Padrão,LATAM
PED00955,2014-01-04,Segunda Classe,US
PED00956,2015-10-08,Primeira Classe,US
PED00957,2014-04-28,Segunda Classe,US
PED00958,2015-08-29,Classe Padrão,US
PED00959,2015-05-19,Classe Padrão,APAC
PED00960,2015-07-28,Classe Padrão,APAC
PED00961,2015-03-17,Classe Padrão,US
PED00962,2014-07-13,Primeira Classe,LATAM
PED00963,2015-12-16,Classe Padrão,EU
PED00964,2015-01-27,Classe Padrão,US
PED00965,2014-01-26,Classe Padrão,US
PED00966,2015-03-11,Segunda Classe,US
PED00967,2014-06-22,Segunda Classe,US
PED00968,2014-10-27,Classe Padrão,US
PED00969,2015-10-07,Classe Padrão,APAC
PED00970,2014-11-22,Classe Padrão,US
PED00971,2015-02-14,Classe Padrão,US
PED00972,2014-04-28,Segunda Classe,LATAM
PED00973,2015-12-25,Segunda Classe,APAC
PED00974,2014-08-13,Classe Padrão,LATAM
PED00975,2015-06-16,Classe Padrão,US
PED00976,2014-04-23,Mesmo Dia,US
PED00977,2014-05-20,Classe Padrão,APAC
PED00978,2015-07-13,Segunda Classe,US
PED00979,2014-01-01,Classe Padrão,US
PED00980,2014-03-31,Classe Padrão,APAC
PED00981,2015-10-16,Classe Padrão,APAC
PED00982,2014-11-16,Segunda Classe,US
PED00983,2015-07-04,Mesmo Dia,US
PED00984,2014-05-19,Classe Padrão,US
PED00985,2015-05-26,Classe Padrão,US
PED00986,2014-09-16,Classe Padrão,US
PED00987,2015-11-04,Classe Padrão,US
PED00988,2015-11-21,Classe Padrão,US
PED00989,2014-01-10,Classe Padrão,LATAM
PED00990,2014-09-18,Primeira Classe,APAC
PED00991,2015-10-12,Classe Padrão,EU
PED00992,2014-06-21,Classe Padrão,US
PED00993,2014-01-13,Mesmo Dia,US
PED00994,2014-06-17,Classe Padrão,US
PED00995,2015-10-04,Mesmo Dia,US
PED00996,2015-08-19,Classe Padrão,US
PED00997,2014-11-17,Primeira Classe,EU
PED00998,2014-11-15,Segunda Classe,APAC
PED00999,2015-09-05,Primeira Classe,APAC
PED01000,2014-11-25,Mesmo Dia,US
PED01001,2015-07-04,Classe Padrão,LATAM
PED01002,2015-02-23,Mesmo Dia,US
PED01003,2015-08-29,Classe Padrão,US
PED01004,2014-04-05,Classe Padrão,US
PED01005,2015-08-04,Classe Padrão,EU
PED01006,2014-11-14,Segunda Classe,LATAM
PED01007,2014-08-24,Classe Padrão,US
PED01008,2014-11-30,Segunda Classe,EU
PED01009,2015-01-11,Segunda Classe,EU
PED01010,2015-04-04,Primeira Classe,US
PED01011,2014-05-17,Primeira Classe,US
PED01012,2015-08-11,Classe Padrão,US
PED01013,2015-07-01,Classe Padrão,LATAM
PED01014,2015-05-28,Classe Padrão,US
PED01015,2014-10-23,Classe Padrão,EU
PED01016,2014-11-16,Classe Padrão,US
PED01017,2015-07-26,Classe Padrão,EU
PED01018,2014-12-15,Classe Padrão,US
PED01019,2014-08-17,Mesmo Dia,APAC
PED01020,2014-09-27,Segunda Classe,EU
PED01021,2014-10-18,Classe Padrão,EU
PED01022,2015-12-26,Segunda Classe,EU
PED01023,2014-06-14,Classe Padrão,US
PED01024,2014-01-05,Classe Padrão,APAC
PED01025,2015-01-14,Segunda Classe,US
PED01026,2014-03-19,Classe Padrão,US
PED01027,2015-02-14,Classe Padrão,APAC
PED01028,2015-07-28,Mesmo Dia,US
PED01029,2014-05-12,Primeira Classe,APAC
PED01030,2015-08-24,Segunda Classe,LATAM
PED01031,2014-02-11,Segunda Classe,US
PED01032,2014-03-30,Segunda Classe,APAC
PED01033,2015-02-06,Classe Padrão,US
PED01034,2014-10-23,Classe Padrão,US
PED01035,2014-10-22,Classe Padrão,US
PED01036,2015-09-08,Classe Padrão,LATAM
PED01037,2015-06-10,Segunda Classe,EU
PED01038,2015-11-22,Classe Padrão,LATAM
PED01039,2015-09-29,Mesmo Dia,LATAM
PED01040,2015-02-26,Mesmo Dia,US
PED01041,2014-01-23,Primeira Classe,US
PED01042,2015-07-29,Segunda Classe,APAC
PED01043,2014-05-23,Primeira Classe,US
PED01044,2015-10-27,Classe Padrão,US
PED01045,2014-05-25,Primeira Classe,US
PED01046,2014-08-13,Classe Padrão,APAC
PED01047,2015-05-18,Primeira Classe,APAC
PED01048,2015-09-08,Classe Padrão,US
PED01049,2014-04-14,Primeira Classe,US
PED01050,2014-02-08,Mesmo Dia,APAC
PED01051,2014-07-17,Classe Padrão,APAC
PED01052,2015-10-08,Classe Padrão,US
PED01053,2015-08-02,Mesmo Dia,EU
PED01054,2015-01-26,Classe Padrão,US
PED01055,2014-06-28,Primeira Classe,US
PED01056,2015-07-08,Segunda Classe,EU
PED01057,2015-03-24,Classe Padrão,APAC
PED01058,2015-05-15,Classe Padrão,US
PED01059,2014-01-15,Classe Padrão,APAC
PED01060,2015-09-15,Primeira Classe,APAC
PED01061,2015-10-31,Classe Padrão,EU
PED01062,2014-10-16,Segunda Classe,EU
PED01063,2015-04-23,Classe Padrão,APAC
PED01064,2014-08-19,Segunda Classe,US
PED01065,2015-02-24,Primeira Classe,US
PED01066,2014-06-06,Mesmo Dia,US
PED01067,2015-07-04,Classe Padrão,US
PED01068,2015-03-17,Primeira Classe,APAC
PED01069,2014-04-07,Primeira Classe,APAC
PED01070,2015-02-15,Segunda Classe,US
PED01071,2014-10-16,Mesmo Dia,US
PED01072,2014-09-11,Classe Padrão,US
PED01073,2014-07-15,Classe Padrão,US
PED01074,2015-08-21,Primeira Classe,EU
PED01075,2015-06-06,Classe Padrão,US
PED01076,2015-06-01,Primeira Classe,APAC
PED01077,2015-09-27,Primeira Classe,LATAM
PED01078,2014-04-28,Classe Padrão,US
PED01079,2014-06-08,Primeira Classe,US
PED01080,2014-08-16,Classe Padrão,US
PED01081,2014-08-04,Segunda Classe,APAC
PED01082,2015-11-27,Segunda Classe,APAC
PED01083,2014-01-15,Mesmo Dia,US
PED01084,2014-06-06,Classe Padrão,APAC
PED01085,2015-10-10,Classe Padrão,EU
PED01086,2014-09-18,Segunda Classe,US
PED01087,2014-06-06,Primeira Classe,US
PED01088,2014-02-16,Segunda Classe,EU
PED01089,2014-11-20,Classe Padrão,APAC
PED01090,2015-11-16,Classe Padrão,EU
PED01091,2014-05-10,Classe Padrão,APAC
PED01092,2015-02-15,Primeira Classe,EU
PED01093,2014-04-05,Classe Padrão,US
PED01094,2015-09-19,Classe Padrão,EU
PED01095,2014-10-19,Mesmo Dia,LATAM
PED01096,2014-10-10,Classe Padrão,APAC
PED01097,2014-03-10,Mesmo Dia,US
PED01098,2015-10-22,Segunda Classe,US
PED01099,2014-01-11,Primeira Classe,US
PED01100,2014-09-11,Classe Padrão,US
PED01101,2015-07-04,Classe Padrão,US
PED01102,2014-05-14,Primeira Classe,APAC
PED01103,2015-12-13,Primeira Classe,APAC
PED01104,2014-01-23,Primeira Classe,US
PED01105,2014-12-12,Classe Padrão,APAC
PED01106,2014-10-29,Primeira Classe,US
PED01107,2014-12-29,Primeira Classe,US
PED01108,2015-01-31,Segunda Classe,US
PED01109,2014-08-06,Primeira Classe,APAC
PED01110,2014-05-21,Primeira Classe,US
PED01111,2015-09-08,Segunda Classe,US
PED01112,2014-07-29,Classe Padrão,US
PED01113,2015-09-15,Classe Padrão,EU
PED01114,2015-09-08,Classe Padrão,US
PED01115,2015-11-14,Classe Padrão,APAC
PED01116,2015-04-05,Classe Padrão,APAC
PED01117,2014-12-22,Classe Padrão,EU
PED01118,2014-11-20,Classe Padrão,LATAM
PED01119,2014-05-13,Classe Padrão,US
PED01120,2014-05-07,Primeira Classe,US
PED01121,2014-04-16,Mesmo Dia,EU
PED01122,2015-08-27,Classe Padrão,US
PED01123,2015-01-13,Mesmo Dia,APAC
PED01124,2014-02-20,Segunda Classe,APAC
PED01125,2014-01-29,Classe Padrão,APAC
PED01126,2015-04-07,Classe Padrão,LATAM
PED01127,2014-10-23,Segunda Classe,LATAM
PED01128,2014-10-24,Primeira Classe,EU
PED01129,2015-12-27,Primeira Classe,US
PED01130,2015-02-11,Classe Padrão,EU
PED01131,2015-09-05,Classe Padrão,US
PED01132,2015-02-09,Classe Padrão,US
PED01133,2014-12-12,Classe Padrão,EU
PED01134,2015-09-14,Classe Padrão,US
PED01135,2015-02-24,Classe Padrão,US
PED01136,2014-07-01,Primeira Classe,US
PED01137,2014-01-01,Mesmo Dia,EU
PED01138,2015-07-21,Classe Padrão,APAC
PED01139,2015-01-06,Mesmo Dia,APAC
PED01140,2015-10-23,Classe Padrão,US
PED01141,2015-03-07,Classe Padrão,EU
PED01142,2014-11-05,Classe Padrão,EU
PED01143,2014-05-17,Segunda Classe,US
PED01144,2014-07-21,Mesmo Dia,US
PED01145,2015-03-12,Segunda Classe,US
PED01146,2014-11-09,Classe Padrão,LATAM
PED01147,2014-04-27,Segunda Classe,APAC
PED01148,2015-10-28,Classe Padrão,LATAM
PED01149,2015-07-29,Primeira Classe,US
PED01150,2014-09-01,Segunda Classe,EU
PED01151,2015-06-21,Classe Padrão,EU
PED01152,2015-08-25,Segunda Classe,APAC
PED01153,2014-03-16,Segunda Classe,LATAM
PED01154,2015-01-21,Classe Padrão,US
PED01155,2014-07-29,Segunda Classe,US
PED01156,2015-04-20,Classe Padrão,APAC
PED01157,2015-02-22,Primeira Classe,EU
PED01158,2014-12-13,Primeira Classe,APAC
PED01159,2015-06-13,Primeira Classe,US
PED01160,2015-10-02,Segunda Classe,APAC
PED01161,2014-06-28,Segunda Classe,US
PED01162,2014-07-01,Classe Padrão,US
PED01163,2015-10-26,Primeira Classe,APAC
PED01164,2014-01-25,Classe Padrão,EU
PED01165,2014-06-29,Classe Padrão,US
PED01166,2015-12-11,Classe Padrão,US
PED01167,2015-05-16,Classe Padrão,US
PED01168,2014-06-10,Segunda Classe,US
PED01169,2014-06-26,Classe Padrão,EU
PED01170,2014-10-12,Primeira Classe,LATAM
PED01171,2014-03-04,Classe Padrão,US
PED01172,2015-10-24,Classe Padrão,EU
PED01173,2015-10-28,Segunda Classe,EU
PED01174,2014-06-05,Classe Padrão,EU
PED01175,2015-04-14,Classe Padrão,US
PED01176,2014-02-18,Primeira Classe,LATAM
PED01177,2014-03-25,Classe Padrão,US
PED01178,2014-12-27,Primeira Classe,US
PED01179,2015-11-20,Classe Padrão,US
PED01180,2014-05-28,Classe Padrão,US
PED01181,2015-09-22,Primeira Classe,US
PED01182,2014-12-08,Classe Padrão,US
PED01183,2015-04-21,Classe Padrão,US
PED01184,2014-03-04,Classe Padrão,EU
PED01185,2015-12-02,Classe Padrão,EU
PED01186,2014-12-26,Primeira Classe,US
PED01187,2015-07-15,Classe Padrão,EU
PED01188,2014-11-23,Primeira Classe,EU
PED01189,2014-05-21,Primeira Classe,EU
PED01190,2014-08-03,Classe Padrão,US
PED01191,2015-03-11,Mesmo Dia,APAC
PED01192,2015-12-24,Classe Padrão,LATAM
PED01193,2014-11-14,Mesmo Dia,APAC
PED01194,2014-02-01,Classe Padrão,US
PED01195,2015-11-01,Segunda Classe,APAC
PED01196,2014-10-12,Classe Padrão,APAC
PED01197,2014-11-01,Classe Padrão,APAC
PED01198,2015-03-05,Segunda Classe,US
PED01199,2015-04-22,Primeira Classe,US
PED01200,2014-10-13,Classe Padrão,EU
PED01201,2014-05-24,Classe Padrão,EU
PED01202,2015-02-28,Primeira Classe,US
PED01203,2014-01-19,Segunda Classe,LATAM
PED01204,2014-01-18,Mesmo Dia,US
PED01205,2015-08-13,Primeira Classe,APAC
PED01206,2015-01-06,Mesmo Dia,EU
PED01207,2014-06-24,Primeira Classe,EU
PED01208,2014-07-13,Classe Padrão,LATAM
PED01209,2015-05-17,Classe Padrão,US
PED01210,2014-04-23,Primeira Classe,EU
PED01211,2014-04-24,Segunda Classe,US
PED01212,2014-08-10,Classe Padrão,EU
PED01213,2015-11-09,Classe Padrão,EU
PED01214,2015-10-06,Mesmo Dia,APAC
PED01215,2014-09-21,Segunda Classe,US
PED01216,2014-02-24,Classe Padrão,EU
PED01217,2015-10-05,Classe Padrão,US
PED01218,2015-04-03,Classe Padrão,US
PED01219,2014-06-11,Classe Padrão,EU
PED01220,2015-01-15,Classe Padrão,US
PED01221,2014-03-28,Classe Padrão,EU
PED01222,2014-02-24,Primeira Classe,US
PED01223,2015-04-21,Classe Padrão,US
PED01224,2014-06-27,Primeira Classe,EU
PED01225,2015-01-26,Primeira Classe,APAC
PED01226,2014-12-15,Classe Padrão,US
PED01227,2014-01-08,Segunda Classe,EU
PED01228,2014-11-09,Classe Padrão,APAC
PED01229,2015-03-19,Primeira Classe,APAC
PED01230,2014-11-24,Classe Padrão,US
PED01231,2014-02-23,Segunda Classe,EU
PED01232,2014-08-27,Segunda Classe,EU
PED01233,2014-08-17,Classe Padrão,EU
PED01234,2015-08-02,Classe Padrão,US
PED01235,2014-02-20,Segunda Classe,EU
PED01236,2015-09-01,Primeira Classe,APAC
PED01237,2015-08-27,Classe Padrão,APAC
PED01238,2014-09-21,Segunda Classe,US
PED01239,2015-02-22,Classe Padrão,EU
PED01240,2014-04-06,Primeira Classe,EU
PED01241,2014-03-29,Classe Padrão,US
PED01242,2014-03-19,Primeira Classe,US
PED01243,2014-10-15,Classe Padrão,EU
PED01244,2014-04-30,Classe Padrão,US
PED01245,2015-05-06,Classe Padrão,LATAM
PED01246,2015-03-28,Classe Padrão,APAC
PED01247,2015-05-15,Segunda Classe,APAC
PED01248,2014-06-14,Classe Padrão,US
PED01249,2014-07-01,Primeira Classe,US
PED01250,2015-04-14,Classe Padrão,LATAM
PED01251,2014-01-07,Classe Padrão,US
PED01252,2014-11-26,Classe Padrão,EU
PED01253,2015-11-04,Classe Padrão,US
PED01254,2014-05-31,Classe Padrão,US
PED01255,2014-03-26,Classe Padrão,US
PED01256,2014-05-27,Classe Padrão,APAC
PED01257,2015-09-16,Classe Padrão,LATAM
PED01258,2015-01-16,Segunda Classe,US
PED01259,2015-07-02,Segunda Classe,US
PED01260,2014-10-12,Classe Padrão,US
PED01261,2015-12-01,Classe Padrão,APAC
PED01262,2014-03-23,Mesmo Dia,US
PED01263,2015-05-29,Segunda Classe,EU
PED01264,2015-12-10,Segunda Classe,APAC
PED01265,2015-06-07,Classe Padrão,APAC
PED01266,2015-01-21,Primeira Classe,US
PED01267,2015-12-08,Primeira Classe,LATAM
PED01268,2015-04-16,Segunda Classe,US
PED01269,2014-04-29,Mesmo Dia,US
PED01270,2015-01-31,Classe Padrão,APAC
PED01271,2015-06-16,Classe Padrão,APAC
PED01272,2014-09-18,Primeira Classe,US
PED01273,2014-09-13,Primeira Classe,US
PED01274,2014-08-14,Classe Padrão,EU
PED01275,2014-02-22,Classe Padrão,US
PED01276,2015-05-15,Classe Padrão,EU
PED01277,2015-05-21,Classe Padrão,APAC
PED01278,2014-12-30,Primeira Classe,US
PED01279,2014-10-07,Segunda Classe,US
PED01280,2015-08-16,Classe Padrão,US
PED01281,2015-12-15,Classe Padrão,EU
PED01282,2014-06-07,Classe Padrão,APAC
PED01283,2015-09-24,Classe Padrão,US
PED01284,2014-02-28,Segunda Classe,APAC
PED01285,2015-12-28,Mesmo Dia,LATAM
PED01286,2014-05-08,Primeira Classe,US
PED01287,2015-12-22,Classe Padrão,LATAM
PED01288,2014-04-25,Primeira Classe,US
PED01289,2014-07-28,Primeira Classe,US
PED01290,2015-06-10,Primeira Classe,US
PED01291,2015-06-05,Classe Padrão,US
PED01292,2015-07-06,Classe Padrão,US
PED01293,2014-08-25,Classe Padrão,US
PED01294,2014-10-08,Classe Padrão,LATAM
PED01295,2014-12-25,Classe Padrão,EU
PED01296,2014-07-20,Classe Padrão,EU
PED01297,2014-10-05,Classe Padrão,US
PED01298,2014-08-23,Primeira Classe,US
PED01299,2015-05-09,Classe Padrão,US
PED01300,2014-01-04,Classe Padrão,EU
PED01301,2015-10-28,Mesmo Dia,LATAM
PED01302,2015-03-18,Mesmo Dia,US
PED01303,2014-01-29,Primeira Classe,US
PED01304,2014-04-19,Mesmo Dia,APAC
PED01305,2015-09-02,Segunda Classe,US
PED01306,2015-12-28,Mesmo Dia,US
PED01307,2014-03-16,Classe Padrão,APAC
PED01308,2014-05-26,Classe Padrão,EU
PED01309,2014-05-08,Classe Padrão,US
PED01310,2014-02-11,Classe Padrão,US
PED01311,2014-12-22,Classe Padrão,LATAM
PED01312,2014-02-10,Segunda Classe,US
PED01313,2014-02-03,Primeira Classe,US
PED01314,2014-01-17,Segunda Classe,US
PED01315,2015-11-08,Classe Padrão,US
PED01316,2014-06-02,Primeira Classe,US
PED01317,2015-01-13,Segunda Classe,EU
PED01318,2015-08-11,Classe Padrão,US
PED01319,2015-08-22,Segunda Classe,US
PED01320,2015-09-21,Classe Padrão,APAC
PED01321,2014-12-08,Classe Padrão,APAC
PED01322,2014-01-27,Mesmo Dia,EU
PED01323,2014-10-14,Classe Padrão,EU
PED01324,2015-10-08,Classe Padrão,US
PED01325,2014-06-17,Primeira Classe,EU
PED01326,2015-09-02,Primeira Classe,US
PED01327,2014-09-25,Classe Padrão,LATAM
PED01328,2015-03-31,Classe Padrão,US
PED01329,2015-11-16,Classe Padrão,LATAM
PED01330,2015-02-05,Segunda Classe,EU
PED01331,2015-04-21,Classe Padrão,US
PED01332,2015-12-03,Classe Padrão,APAC
PED01333,2015-09-26,Mesmo Dia,LATAM
PED01334,2015-07-12,Segunda Classe,EU
PED01335,2015-07-30,Classe Padrão,US
PED01336,2014-05-10,Segunda Classe,EU
PED01337,2014-12-29,Segunda Classe,US
PED01338,2015-12-06,Classe Padrão,US
PED01339,2015-11-24,Classe Padrão,US
PED01340,2014-10-19,Primeira Classe,US
PED01341,2015-01-06,Classe Padrão,EU
PED01342,2014-01-29,Segunda Classe,US
PED01343,2014-05-29,Classe Padrão,EU
PED01344,2014-10-23,Classe Padrão,US
PED01345,2014-01-11,Classe Padrão,US
PED01346,2015-05-27,Classe Padrão,US
PED01347,2015-11-07,Classe Padrão,US
PED01348,2014-04-23,Classe Padrão,US
PED01349,2014-07-06,Primeira Classe,US
PED01350,2014-08-15,Mesmo Dia,APAC
PED01351,2014-11-06,Primeira Classe,US
PED01352,2014-04-08,Primeira Classe,US
PED01353,2014-02-24,Classe Padrão,US
PED01354,2015-09-15,Mesmo Dia,EU
PED01355,2015-10-26,Classe Padrão,LATAM
PED01356,2015-02-10,Mesmo Dia,US
PED01357,2014-03-10,Mesmo Dia,US
PED01358,2014-11-08,Primeira Classe,US
PED01359,2014-10-16,Mesmo Dia,LATAM
PED01360,2015-07-02,Segunda Classe,US
PED01361,2014-05-28,Classe Padrão,US
PED01362,2015-04-12,Classe Padrão,US
PED01363,2014-09-01,Segunda Classe,US
PED01364,2015-05-06,Classe Padrão,US
PED01365,2015-05-22,Segunda Classe,EU
PED01366,2014-12-31,Mesmo Dia,US
PED01367,2015-04-27,Classe Padrão,APAC
PED01368,2014-07-20,Primeira Classe,US
PED01369,2014-06-03,Mesmo Dia,US
PED01370,2015-03-26,Mesmo Dia,LATAM
PED01371,2015-05-16,Mesmo Dia,US
PED01372,2014-03-14,Segunda Classe,EU
PED01373,2015-12-14,Mesmo Dia,APAC
PED01374,2014-10-23,Primeira Classe,US
PED01375,2014-01-17,Classe Padrão,LATAM
PED01376,2015-10-03,Classe Padrão,US
PED01377,2014-08-05,Primeira Classe,EU
PED01378,2014-03-02,Classe Padrão,US
PED01379,2015-09-08,Segunda Classe,EU
PED01380,2014-02-11,Segunda Classe,US
PED01381,2014-01-25,Classe Padrão,APAC
PED01382,2014-02-08,Segunda Classe,EU
PED01383,2014-05-11,Primeira Classe,LATAM
PED01384,2015-05-13,Classe Padrão,LATAM
PED01385,2014-08-17,Classe Padrão,EU
PED01386,2014-04-18,Classe Padrão,EU
PED01387,2014-06-21,Classe Padrão,US
PED01388,2015-03-11,Mesmo Dia,US
PED01389,2015-04-23,Classe Padrão,US
PED01390,2014-04-12,Segunda Classe,US
PED01391,2015-06-08,Classe Padrão,US
PED01392,2014-10-02,Classe Padrão,APAC
PED01393,2015-09-05,Primeira Classe,US
PED01394,2014-02-13,Primeira Classe,APAC
PED01395,2014-01-17,Classe Padrão,US
PED01396,2014-11-26,Classe Padrão,US
PED01397,2015-07-23,Classe Padrão,APAC
PED01398,2015-05-12,Classe Padrão,EU
PED01399,2014-01-12,Segunda Classe,EU
PED01400,2014-11-14,Classe Padrão,APAC
PED01401,2015-08-15,Classe Padrão,US
PED01402,2014-08-04,Classe Padrão,APAC
PED01403,2014-12-05,Mesmo Dia,US
PED01404,2015-10-23,Mesmo Dia,US
PED01405,2014-03-22,Classe Padrão,US
PED01406,2015-12-28,Primeira Classe,US
PED01407,2015-04-30,Classe Padrão,US
PED01408,2015-01-09,Classe Padrão,LATAM
PED01409,2015-12-11,Primeira Classe,LATAM
PED01410,2014-07-19,Mesmo Dia,US
PED01411,2015-06-21,Mesmo Dia,US
PED01412,2015-04-11,Segunda Classe,US
PED01413,2014-03-30,Classe Padrão,US
PED01414,2014-09-25,Primeira Classe,LATAM
PED01415,2015-10-17,Classe Padrão,US
PED01416,2015-07-25,Segunda Classe,EU
PED01417,2015-05-04,Classe Padrão,US
PED01418,2015-06-22,Segunda Classe,LATAM
PED01419,2014-02-16,Classe Padrão,US
PED01420,2014-10-15,Classe Padrão,EU
PED01421,2014-01-16,Mesmo Dia,US
PED01422,2015-12-12,Classe Padrão,APAC
PED01423,2015-02-05,Segunda Classe,US
PED01424,2014-03-27,Classe Padrão,US
PED01425,2014-09-07,Classe Padrão,LATAM
PED01426,2015-01-26,Classe Padrão,LATAM
PED01427,2014-12-01,Classe Padrão,EU
PED01428,2015-09-21,Primeira Classe,APAC
PED01429,2015-06-03,Classe Padrão,EU
PED01430,2014-05-17,Mesmo Dia,US
PED01431,2015-11-19,Segunda Classe,US
PED01432,2015-05-13,Classe Padrão,US
PED01433,2015-12-28,Segunda Classe,APAC
PED01434,2015-04-22,Segunda Classe,US
PED01435,2015-08-17,Primeira Classe,US
PED01436,2014-08-11,Classe Padrão,APAC
PED01437,2015-01-07,Classe Padrão,EU
PED01438,2015-02-06,Primeira Classe,US
PED01439,2015-03-19,Mesmo Dia,US
PED01440,2015-05-05,Primeira Classe,US
PED01441,2015-09-07,Classe Padrão,US
PED01442,2014-09-30,Primeira Classe,US
PED01443,2015-06-10,Classe Padrão,APAC
PED01444,2014-06-08,Classe Padrão,APAC
PED01445,2014-06-01,Classe Padrão,APAC
PED01446,2015-09-12,Segunda Classe,US
PED01447,2014-07-07,Classe Padrão,EU
PED01448,2014-04-08,Classe Padrão,US
PED01449,2014-05-11,Primeira Classe,US
PED01450,2014-06-20,Classe Padrão,EU
PED01451,2014-07-02,Classe Padrão,US
PED01452,2014-12-30,Classe Padrão,US
PED01453,2014-02-08,Mesmo Dia,EU
PED01454,2015-06-11,Segunda Classe,US
PED01455,2015-05-12,Classe Padrão,APAC
PED01456,2015-05-31,Primeira Classe,US
PED01457,2014-12-15,Primeira Classe,APAC
PED01458,2015-02-01,Classe Padrão,US
PED01459,2015-12-23,Segunda Classe,US
PED01460,2014-06-10,Primeira Classe,APAC
PED01461,2014-01-16,Segunda Classe,US
PED01462,2015-05-08,Classe Padrão,US
PED01463,2015-03-02,Primeira Classe,US
PED01464,2014-04-18,Segunda Classe,US
PED01465,2015-03-26,Classe Padrão,US
PED01466,2014-11-07,Classe Padrão,US
PED01467,2014-06-19,Classe Padrão,LATAM
PED01468,2015-06-30,Classe Padrão,US
PED01469,2015-02-18,Primeira Classe,US
PED01470,2014-09-08,Classe Padrão,US
PED01471,2014-05-21,Classe Padrão,US
PED01472,2014-10-01,Segunda Classe,LATAM
PED01473,2015-02-20,Classe Padrão,US
PED01474,2015-08-31,Mesmo Dia,LATAM
PED01475,2014-02-08,Classe Padrão,US
PED01476,2014-01-29,Classe Padrão,EU
PED01477,2015-04-22,Classe Padrão,APAC
PED01478,2014-11-14,Classe Padrão,EU
PED01479,2014-09-02,Classe Padrão,APAC
PED01480,2015-11-28,Primeira Classe,APAC
PED01481,2014-09-29,Mesmo Dia,US
PED01482,2015-03-16,Classe Padrão,US
PED01483,2014-08-27,Segunda Classe,LATAM
PED01484,2015-01-12,Primeira Classe,US
PED01485,2014-09-23,Primeira Classe,US
PED01486,2014-12-25,Classe Padrão,EU
PED01487,2014-12-06,Classe Padrão,US
PED01488,2015-01-24,Classe Padrão,LATAM
PED01489,2015-07-31,Primeira Classe,EU
PED01490,2015-11-20,Primeira Classe,APAC
PED01491,2014-01-03,Classe Padrão,EU
PED01492,2015-03-05,Classe Padrão,US
PED01493,2014-05-22,Mesmo Dia,US
PED01494,2015-01-11,Primeira Classe,US
PED01495,2015-11-01,Mesmo Dia,US
PED01496,2014-11-20,Primeira Classe,EU
PED01497,2014-05-26,Classe Padrão,LATAM
PED01498,2014-10-20,Segunda Classe,US
PED01499,2015-10-27,Segunda Classe,US
PED01500,2015-03-08,Classe Padrão,LATAM
PED01501,2015-12-06,Segunda Classe,US
PED01502,2015-08-08,Primeira Classe,US
PED01503,2015-02-03,Classe Padrão,US
PED01504,2014-12-10,Primeira Classe,LATAM
PED01505,2014-05-20,Segunda Classe,APAC
PED01506,2014-07-06,Mesmo Dia,EU
PED01507,2014-03-02,Classe Padrão,EU
PED01508,2015-01-15,Classe Padrão,US
PED01509,2015-12-11,Segunda Classe,US
PED01510,2015-03-16,Classe Padrão,EU
PED01511,2014-11-15,Primeira Classe,US
PED01512,2014-10-29,Primeira Classe,EU
PED01513,2014-12-10,Classe Padrão,LATAM
PED01514,2014-01-11,Segunda Classe,APAC
PED01515,2014-03-03,Segunda Classe,EU
PED01516,2014-08-14,Classe Padrão,EU
PED01517,2014-06-02,Mesmo Dia,EU
PED01518,2015-12-12,Primeira Classe,US
PED01519,2015-07-18,Segunda Classe,US
PED01520,2015-07-25,Primeira Classe,US
PED01521,2015-08-07,Classe Padrão,APAC
PED01522,2015-10-22,Mesmo Dia,US
PED01523,2015-07-29,Segunda Classe,EU
PED01524,2014-11-06,Primeira Classe,US
PED01525,2014-08-31,Primeira Classe,APAC
PED01526,2015-05-08,Classe Padrão,US
PED01527,2015-01-01,Primeira Classe,EU
PED01528,2014-11-26,Classe Padrão,APAC
PED01529,2014-04-17,Classe Padrão,US
PED01530,2014-08-14,Classe Padrão,US
PED01531,2014-08-06,Mesmo Dia,EU
PED01532,2015-05-21,Primeira Classe,US
PED01533,2014-09-16,Primeira Classe,US
PED01534,2015-06-01,Primeira Classe,LATAM
PED01535,2014-02-23,Segunda Classe,EU
PED01536,2014-02-16,Mesmo Dia,LATAM
PED01537,2015-12-28,Classe Padrão,US
PED01538,2015-11-20,Classe Padrão,US
PED01539,2015-06-05,Classe Padrão,EU
PED01540,2014-04-09,Primeira Classe,APAC
PED01541,2014-01-20,Primeira Classe,EU
PED01542,2015-07-27,Classe Padrão,US
PED01543,2015-05-05,Classe Padrão,US
PED01544,2015-02-23,Primeira Classe,US
PED01545,2015-11-21,Classe Padrão,US
PED01546,2014-03-03,Primeira Classe,US
PED01547,2014-05-25,Mesmo Dia,US
PED01548,2014-08-04,Classe Padrão,LATAM
PED01549,2014-01-03,Classe Padrão,US
PED01550,2014-06-09,Primeira Classe,APAC
PED01551,2014-04-30,Primeira Classe,EU
PED01552,2014-03-30,Segunda Classe,APAC
PED01553,2014-11-25,Mesmo Dia,US
PED01554,2015-08-03,Classe Padrão,EU
PED01555,2014-12-23,Segunda Classe,APAC
PED01556,2015-09-02,Primeira Classe,EU
PED01557,2014-09-24,Primeira Classe,EU
PED01558,2015-09-09,Classe Padrão,LATAM
PED01559,2014-11-19,Primeira Classe,APAC
PED01560,2015-09-27,Segunda Classe,US
PED01561,2015-06-25,Classe Padrão,APAC
PED01562,2015-10-11,Classe Padrão,US
PED01563,2014-07-14,Primeira Classe,EU
PED01564,2014-11-28,Classe Padrão,US
PED01565,2014-06-19,Classe Padrão,US
PED01566,2015-06-05,Classe Padrão,EU
PED01567,2015-04-08,Primeira Classe,APAC
PED01568,2014-02-09,Segunda Classe,US
PED01569,2015-06-21,Primeira Classe,US
PED01570,2014-09-18,Classe Padrão,EU
PED01571,2015-01-30,Segunda Classe,US
PED01572,2014-08-14,Segunda Classe,EU
PED01573,2014-05-04,Primeira Classe,US
PED01574,2014-02-07,Mesmo Dia,EU
PED01575,2014-11-24,Classe Padrão,EU
PED01576,2014-09-08,Segunda Classe,US
PED01577,2014-06-25,Classe Padrão,US
PED01578,2015-08-25,Segunda Classe,US
PED01579,2015-03-30,Classe Padrão,EU
PED01580,2014-02-06,Classe Padrão,APAC
PED01581,2014-11-12,Classe Padrão,APAC
PED01582,2015-11-19,Segunda Classe,US
PED01583,2015-08-16,Classe Padrão,US
PED01584,2014-04-24,Primeira Classe,US
PED01585,2014-02-09,Classe Padrão,US
PED01586,2014-10-28,Classe Padrão,APAC
PED01587,2014-08-12,Primeira Classe,EU
PED01588,2014-11-14,Classe Padrão,APAC
PED01589,2014-12-15,Classe Padrão,US
PED01590,2014-04-25,Segunda Classe,LATAM
PED01591,2015-11-29,Classe Padrão,EU
PED01592,2014-11-19,Classe Padrão,LATAM
PED01593,2015-07-22,Classe Padrão,APAC
PED01594,2014-02-09,Mesmo Dia,US
PED01595,2014-02-09,Segunda Classe,US
PED01596,2014-10-16,Segunda Classe,EU
PED01597,2014-09-19,Segunda Classe,US
PED01598,2014-08-04,Classe Padrão,US
PED01599,2014-05-27,Classe Padrão,APAC
PED01600,2014-12-02,Primeira Classe,APAC
PED01601,2014-06-17,Classe Padrão,APAC
PED01602,2014-04-02,Classe Padrão,US
PED01603,2014-12-19,Classe Padrão,US
PED01604,2015-07-25,Classe Padrão,APAC
PED01605,2015-07-25,Mesmo Dia,LATAM
PED01606,2015-11-12,Classe Padrão,EU
PED01607,2014-12-29,Segunda Classe,LATAM
PED01608,2015-07-11,Classe Padrão,EU
PED01609,2014-12-11,Mesmo Dia,APAC
PED01610,2015-11-24,Classe Padrão,US
PED01611,2014-06-19,Classe Padrão,APAC
PED01612,2014-12-22,Primeira Classe,APAC
PED01613,2014-07-10,Primeira Classe,APAC
PED01614,2015-10-29,Classe Padrão,US
PED01615,2015-02-26,Classe Padrão,APAC
PED01616,2015-12-01,Classe Padrão,US
PED01617,2014-01-07,Classe Padrão,APAC
PED01618,2014-05-13,Classe Padrão,US
PED01619,2015-07-11,Classe Padrão,EU
PED01620,2014-01-31,Classe Padrão,US
PED01621,2015-06-19,Classe Padrão,US
PED01622,2015-03-02,Segunda Classe,US
PED01623,2015-01-29,Mesmo Dia,APAC
PED01624,2015-11-03,Segunda Classe,US
PED01625,2014-12-29,Classe Padrão,US
PED01626,2015-03-13,Classe Padrão,APAC
PED01627,2015-11-01,Mesmo Dia,US
PED01628,2015-07-05,Classe Padrão,LATAM
PED01629,2014-03-23,Classe Padrão,LATAM
PED01630,2014-12-22,Segunda Classe,APAC
PED01631,2014-09-15,Segunda Classe,US
PED01632,2015-12-19,Segunda Classe,EU
PED01633,2015-08-12,Classe Padrão,US
PED01634,2015-06-08,Classe Padrão,US
PED01635,2014-10-22,Mesmo Dia,US
PED01636,2014-08-12,Classe Padrão,LATAM
PED01637,2015-06-09,Segunda Classe,US
PED01638,2014-02-15,Primeira Classe,APAC
PED01639,2015-10-29,Segunda Classe,EU
PED01640,2014-04-23,Classe Padrão,US
PED01641,2014-08-21,Classe Padrão,US
PED01642,2014-01-17,Segunda Classe,LATAM
PED01643,2014-12-26,Primeira Classe,APAC
PED01644,2014-08-11,Mesmo Dia,APAC
PED01645,2015-12-01,Classe Padrão,US
PED01646,2015-03-24,Classe Padrão,US
PED01647,2014-12-31,Mesmo Dia,US
PED01648,2015-11-06,Primeira Classe,US
PED01649,2014-11-22,Primeira Classe,US
PED01650,2015-04-12,Classe Padrão,EU
PED01651,2015-02-18,Segunda Classe,US
PED01652,2015-03-31,Primeira Classe,US
PED01653,2015-08-09,Segunda Classe,APAC
PED01654,2014-08-21,Classe Padrão,EU
PED01655,2014-08-12,Classe Padrão,US
PED01656,2015-02-16,Segunda Classe,APAC
PED01657,2015-07-26,Classe Padrão,US
PED01658,2014-12-01,Classe Padrão,US
PED01659,2014-08-10,Mesmo Dia,US
PED01660,2014-02-06,Classe Padrão,EU
PED01661,2014-10-05,Primeira Classe,US
PED01662,2014-07-15,Classe Padrão,US
PED01663,2015-04-29,Segunda Classe,US
PED01664,2014-08-30,Mesmo Dia,EU
PED01665,2014-11-20,Classe Padrão,US
PED01666,2014-07-11,Classe Padrão,US
PED01667,2014-01-17,Classe Padrão,US
PED01668,2015-06-08,Classe Padrão,US
PED01669,2015-02-05,Primeira Classe,APAC
PED01670,2015-12-06,Mesmo Dia,APAC
PED01671,2014-01-22,Classe Padrão,US
PED01672,2015-04-19,Classe Padrão,US
PED01673,2014-04-30,Classe Padrão,US
PED01674,2014-07-29,Primeira Classe,US
PED01675,2014-11-02,Classe Padrão,US
PED01676,2014-09-27,Segunda Classe,EU
PED01677,2015-12-05,Segunda Classe,LATAM
PED01678,2015-11-18,Segunda Classe,LATAM
PED01679,2014-10-12,Classe Padrão,EU
PED01680,2015-12-17,Primeira Classe,APAC
PED01681,2015-11-07,Classe Padrão,EU
PED01682,2014-08-15,Classe Padrão,US
PED01683,2015-01-16,Primeira Classe,APAC
PED01684,2015-04-05,Primeira Classe,US
PED01685,2014-01-07,Classe Padrão,US
PED01686,2014-01-29,Classe Padrão,EU
PED01687,2014-02-02,Classe Padrão,US
PED01688,2015-10-08,Classe Padrão,US
PED01689,2014-03-20,Classe Padrão,LATAM
PED01690,2015-04-04,Classe Padrão,US
PED01691,2015-07-24,Classe Padrão,US
PED01692,2015-06-22,Primeira Classe,LATAM
PED01693,2015-04-27,Segunda Classe,APAC
PED01694,2015-03-06,Segunda Classe,APAC
PED01695,2014-10-12,Classe Padrão,US
PED01696,2015-05-31,Mesmo Dia,US
PED01697,2014-04-09,Primeira Classe,EU
PED01698,2015-02-01,Primeira Classe,APAC
PED01699,2015-05-04,Primeira Classe,APAC
PED01700,2014-02-08,Mesmo Dia,US
PED01701,2014-09-28,Segunda Classe,US
PED01702,2014-06-06,Classe Padrão,LATAM
PED01703,2014-03-16,Segunda Classe,US
PED01704,2014-05-10,Primeira Classe,APAC
PED01705,2015-11-18,Primeira Classe,US
PED01706,2014-03-25,Segunda Classe,APAC
PED01707,2014-01-22,Classe Padrão,LATAM
PED01708,2015-04-04,Classe Padrão,APAC
PED01709,2015-06-23,Mesmo Dia,US
PED01710,2015-12-08,Segunda Classe,APAC
PED01711,2015-01-17,Segunda Classe,EU
PED01712,2015-03-16,Classe Padrão,US
PED01713,2015-08-27,Classe Padrão,EU
PED01714,2014-01-21,Primeira Classe,APAC
PED01715,2014-10-30,Segunda Classe,EU
PED01716,2014-03-25,Primeira Classe,APAC
PED01717,2015-10-21,Classe Padrão,US
PED01718,2015-03-29,Segunda Classe,US
PED01719,2015-01-22,Classe Padrão,US
PED01720,2015-05-22,Primeira Classe,LATAM
PED01721,2014-09-14,Classe Padrão,EU
PED01722,2015-07-24,Classe Padrão,APAC
PED01723,2015-06-11,Segunda Classe,US
PED01724,2014-06-11,Mesmo Dia,US
PED01725,2014-06-12,Classe Padrão,EU
PED01726,2015-06-08,Primeira Classe,US
PED01727,2014-09-28,Classe Padrão,US
PED01728,2015-05-07,Classe Padrão,APAC
PED01729,2014-07-27,Classe Padrão,US
PED01730,2015-06-23,Classe Padrão,US
PED01731,2015-08-07,Segunda Classe,US
PED01732,2014-03-01,Classe Padrão,US
PED01733,2015-03-06,Classe Padrão,LATAM
PED01734,2015-10-19,Mesmo Dia,US
PED01735,2015-08-28,Classe Padrão,US
PED01736,2014-11-05,Primeira Classe,US
PED01737,2015-06-04,Classe Padrão,EU
PED01738,2015-08-14,Segunda Classe,US
PED01739,2014-01-27,Classe Padrão,APAC
PED01740,2015-11-17,Classe Padrão,US
PED01741,2015-07-16,Classe Padrão,US
PED01742,2014-07-18,Classe Padrão,US
PED01743,2015-01-22,Classe Padrão,EU
PED01744,2014-12-15,Segunda Classe,EU
PED01745,2015-11-24,Primeira Classe,US
PED01746,2015-06-20,Primeira Classe,APAC
PED01747,2015-01-13,Segunda Classe,LATAM
PED01748,2015-07-12,Classe Padrão,US
PED01749,2015-06-11,Classe Padrão,EU
PED01750,2014-06-02,Classe Padrão,US
PED01751,2014-07-25,Classe Padrão,LATAM
PED01752,2015-03-31,Segunda Classe,EU
PED01753,2014-09-30,Segunda Classe,LATAM
PED01754,2014-08-24,Classe Padrão,APAC
PED01755,2015-06-05,Classe Padrão,US
PED01756,2015-11-09,Primeira Classe,LATAM
PED01757,2015-12-27,Primeira Classe,US
PED01758,2015-05-16,Classe Padrão,US
PED01759,2014-04-27,Mesmo Dia,EU
PED01760,2015-01-21,Mesmo Dia,EU
PED01761,2014-12-10,Classe Padrão,LATAM
PED01762,2015-08-07,Classe Padrão,US
PED01763,2015-01-30,Segunda Classe,EU
PED01764,2014-03-05,Mesmo Dia,EU
PED01765,2015-12-18,Primeira Classe,US
PED01766,2015-12-22,Classe Padrão,US
PED01767,2014-03-13,Classe Padrão,US
PED01768,2014-10-01,Segunda Classe,US
PED01769,2014-11-16,Segunda Classe,LATAM
PED01770,2014-12-04,Classe Padrão,APAC
PED01771,2015-01-01,Primeira Classe,EU
PED01772,2015-05-10,Segunda Classe,LATAM
PED01773,2015-08-30,Primeira Classe,US
PED01774,2014-06-15,Primeira Classe,EU
PED01775,2015-06-28,Primeira Classe,US
PED01776,2014-01-11,Classe Padrão,EU
PED01777,2014-10-28,Segunda Classe,US
PED01778,2015-12-30,Classe Padrão,LATAM
PED01779,2014-04-12,Segunda Classe,US
PED01780,2015-03-01,Classe Padrão,US
PED01781,2015-01-27,Segunda Classe,EU
PED01782,2014-08-02,Classe Padrão,US
PED01783,2015-11-22,Classe Padrão,APAC
PED01784,2014-03-29,Classe Padrão,US
PED01785,2015-07-07,Classe Padrão,EU
PED01786,2015-02-05,Primeira Classe,US
PED01787,2015-08-11,Primeira Classe,US
PED01788,2014-02-15,Segunda Classe,US
PED01789,2015-11-03,Classe Padrão,US
PED01790,2015-04-08,Classe Padrão,US
PED01791,2015-08-15,Classe Padrão,US
PED01792,2014-11-06,Classe Padrão,US
PED01793,2014-03-27,Primeira Classe,US
PED01794,2014-04-02,Classe Padrão,APAC
PED01795,2015-10-22,Classe Padrão,EU
PED01796,2015-11-04,Classe Padrão,US
PED01797,2015-12-15,Classe Padrão,APAC
PED01798,2014-08-30,Segunda Classe,APAC
PED01799,2014-01-02,Segunda Classe,US
PED01800,2014-08-13,Classe Padrão,EU
PED01801,2015-08-12,Classe Padrão,US
PED01802,2014-04-26,Classe Padrão,APAC
PED01803,2015-10-28,Classe Padrão,US
PED01804,2014-04-13,Classe Padrão,APAC
PED01805,2014-07-13,Mesmo Dia,APAC
PED01806,2014-06-15,Segunda Classe,US
PED01807,2014-03-31,Segunda Classe,US
PED01808,2015-11-17,Classe Padrão,LATAM
PED01809,2014-05-02,Classe Padrão,US
PED01810,2014-05-23,Segunda Classe,APAC
PED01811,2014-04-16,Segunda Classe,LATAM
PED01812,2015-03-04,Primeira Classe,EU
PED01813,2014-11-01,Classe Padrão,APAC
PED01814,2014-11-13,Segunda Classe,EU
PED01815,2015-09-27,Classe Padrão,EU
PED01816,2014-01-09,Primeira Classe,US
PED01817,2014-03-14,Segunda Classe,US
PED01818,2014-12-25,Segunda Classe,US
PED01819,2014-08-11,Classe Padrão,LATAM
PED01820,2015-02-20,Segunda Classe,APAC
PED01821,2015-07-07,Classe Padrão,US
PED01822,2015-01-05,Classe Padrão,EU
PED01823,2015-12-17,Classe Padrão,US
PED01824,2014-09-21,Segunda Classe,US
PED01825,2015-11-21,Classe Padrão,APAC
PED01826,2014-11-14,Classe Padrão,US
PED01827,2014-03-25,Primeira Classe,EU
PED01828,2014-11-14,Classe Padrão,US
PED01829,2014-04-21,Segunda Classe,EU
PED01830,2014-09-08,Classe Padrão,APAC
PED01831,2015-01-18,Classe Padrão,US
PED01832,2014-01-07,Primeira Classe,LATAM
PED01833,2015-04-04,Classe Padrão,APAC
PED01834,2014-03-25,Classe Padrão,US
PED01835,2014-07-27,Segunda Classe,US
PED01836,2015-01-25,Segunda Classe,EU
PED01837,2014-11-10,Segunda Classe,US
PED01838,2014-01-22,Classe Padrão,US
PED01839,2015-02-14,Classe Padrão,US
PED01840,2015-05-30,Primeira Classe,US
PED01841,2014-05-07,Segunda Classe,EU
PED01842,2015-12-01,Primeira Classe,US
PED01843,2014-01-14,Primeira Classe,US
PED01844,2014-01-12,Primeira Classe,US
PED01845,2014-03-28,Classe Padrão,US
PED01846,2015-06-08,Classe Padrão,LATAM
PED01847,2015-06-21,Primeira Classe,US
PED01848,2014-10-28,Classe Padrão,LATAM
PED01849,2014-08-31,Classe Padrão,US
PED01850,2014-05-02,Primeira Classe,US
PED01851,2014-05-27,Primeira Classe,EU
PED01852,2015-07-21,Classe Padrão,US
PED01853,2014-12-22,Classe Padrão,EU
PED01854,2015-11-16,Classe Padrão,LATAM
PED01855,2015-09-23,Primeira Classe,US
PED01856,2014-11-05,Mesmo Dia,US
PED01857,2015-11-26,Classe Padrão,EU
PED01858,2014-10-15,Classe Padrão,US
PED01859,2014-11-03,Primeira Classe,US
PED01860,2015-08-17,Classe Padrão,US
PED01861,2015-12-24,Segunda Classe,US
PED01862,2015-10-24,Mesmo Dia,EU
PED01863,2015-07-03,Classe Padrão,US
PED01864,2014-12-18,Segunda Classe,US
PED01865,2014-11-08,Classe Padrão,APAC
PED01866,2014-02-28,Classe Padrão,US
PED01867,2015-10-05,Primeira Classe,US
PED01868,2015-12-15,Classe Padrão,EU
PED01869,2014-02-04,Mesmo Dia,US
PED01870,2015-03-21,Segunda Classe,EU
PED01871,2014-04-03,Classe Padrão,EU
PED01872,2014-07-26,Classe Padrão,US
PED01873,2014-12-19,Classe Padrão,APAC
PED01874,2014-11-28,Classe Padrão,US
PED01875,2015-12-26,Classe Padrão,US
PED01876,2014-06-08,Classe Padrão,EU
PED01877,2014-01-24,Classe Padrão,EU
PED01878,2015-02-08,Primeira Classe,US
PED01879,2015-05-31,Segunda Classe,APAC
PED01880,2014-12-30,Primeira Classe,LATAM
PED01881,2015-01-17,Classe Padrão,LATAM
PED01882,2015-06-16,Classe Padrão,APAC
PED01883,2014-06-01,Segunda Classe,US
PED01884,2015-07-16,Classe Padrão,US
PED01885,2015-11-20,Classe Padrão,LATAM
PED01886,2015-08-31,Primeira Classe,US
PED01887,2015-09-09,Primeira Classe,APAC
PED01888,2015-02-24,Segunda Classe,US
PED01889,2014-09-07,Classe Padrão,US
PED01890,2014-04-27,Primeira Classe,US
PED01891,2015-05-27,Segunda Classe,LATAM
PED01892,2015-08-01,Primeira Classe,US
PED01893,2014-12-01,Primeira Classe,APAC
PED01894,2015-02-22,Primeira Classe,US
PED01895,2014-10-22,Segunda Classe,US
PED01896,2015-01-06,Classe Padrão,US
PED01897,2014-07-05,Segunda Classe,APAC
PED01898,2014-09-03,Segunda Classe,US
PED01899,2015-09-29,Primeira Classe,US
PED01900,2014-09-25,Classe Padrão,US
PED01901,2015-10-05,Classe Padrão,US
PED01902,2014-08-25,Primeira Classe,LATAM
PED01903,2015-06-14,Primeira Classe,LATAM
PED01904,2015-07-06,Mesmo Dia,US
PED01905,2014-01-21,Primeira Classe,APAC
PED01906,2015-06-04,Segunda Classe,LATAM
PED01907,2014-04-10,Segunda Classe,US
PED01908,2015-04-23,Primeira Classe,EU
PED01909,2015-08-22,Segunda Classe,LATAM
PED01910,2014-10-25,Segunda Classe,US
PED01911,2015-06-10,Classe Padrão,US
PED01912,2014-11-30,Classe Padrão,LATAM
PED01913,2014-01-02,Primeira Classe,APAC
PED01914,2015-01-10,Classe Padrão,US
PED01915,2014-10-20,Classe Padrão,US
PED01916,2015-07-07,Classe Padrão,US
PED01917,2014-11-14,Classe Padrão,APAC
PED01918,2015-05-17,Classe Padrão,EU
PED01919,2015-01-16,Classe Padrão,LATAM
PED01920,2015-09-15,Mesmo Dia,US
PED01921,2014-01-14,Segunda Classe,APAC
PED01922,2015-05-19,Classe Padrão,APAC
PED01923,2014-08-19,Classe Padrão,US
PED01924,2014-03-25,Segunda Classe,US
PED01925,2014-05-10,Classe Padrão,LATAM
PED01926,2014-05-25,Primeira Classe,EU
PED01927,2014-01-28,Segunda Classe,US
PED01928,2014-03-07,Primeira Classe,APAC
PED01929,2014-06-12,Classe Padrão,US
PED01930,2014-08-17,Segunda Classe,APAC
PED01931,2014-09-18,Classe Padrão,APAC
PED01932,2015-03-25,Mesmo Dia,APAC
PED01933,2015-02-28,Segunda Classe,LATAM
PED01934,2015-04-05,Classe Padrão,APAC
PED01935,2015-11-07,Classe Padrão,US
PED01936,2014-10-28,Classe Padrão,EU
PED01937,2014-10-30,Segunda Classe,US
PED01938,2014-10-14,Classe Padrão,US
PED01939,2015-01-30,Segunda Classe,US
PED01940,2014-01-10,Classe Padrão,US
PED01941,2015-12-08,Segunda Classe,EU
PED01942,2015-09-22,Primeira Classe,US
PED01943,2014-09-27,Primeira Classe,EU
PED01944,2015-08-15,Primeira Classe,APAC
PED01945,2015-08-28,Classe Padrão,US
PED01946,2014-12-27,Classe Padrão,EU
PED01947,2014-09-14,Segunda Classe,US
PED01948,2014-05-13,Classe Padrão,US
PED01949,2014-10-03,Classe Padrão,APAC
PED01950,2015-11-14,Classe Padrão,US
PED01951,2015-05-28,Classe Padrão,US
PED01952,2014-11-09,Classe Padrão,APAC
PED01953,2015-07-30,Primeira Classe,APAC
PED01954,2014-10-11,Classe Padrão,US
PED01955,2014-05-01,Segunda Classe,LATAM
PED01956,2014-04-17,Classe Padrão,APAC
PED01957,2015-11-18,Segunda Classe,EU
PED01958,2014-07-23,Classe Padrão,US
PED01959,2014-06-14,Primeira Classe,APAC
PED01960,2014-11-01,Primeira Classe,EU
PED01961,2015-05-12,Classe Padrão,APAC
PED01962,2015-09-24,Mesmo Dia,EU
PED01963,2015-07-10,Mesmo Dia,US
PED01964,2014-06-05,Primeira Classe,US
PED01965,2015-01-02,Primeira Classe,US
PED01966,2015-12-20,Classe Padrão,US
PED01967,2015-09-12,Segunda Classe,EU
PED01968,2014-09-08,Classe Padrão,US
PED01969,2014-11-30,Classe Padrão,LATAM
PED01970,2015-10-04,Mesmo Dia,LATAM
PED01971,2015-05-26,Classe Padrão,US
PED01972,2014-10-20,Primeira Classe,US
PED01973,2014-01-20,Primeira Classe,EU
PED01974,2014-10-09,Primeira Classe,LATAM
PED01975,2014-01-01,Mesmo Dia,US
PED01976,2014-04-29,Classe Padrão,US
PED01977,2014-02-04,Classe Padrão,APAC
PED01978,2014-07-17,Classe Padrão,APAC
PED01979,2015-04-30,Classe Padrão,US
PED01980,2014-02-28,Classe Padrão,EU
PED01981,2014-06-10,Classe Padrão,US
PED01982,2015-11-22,Primeira Classe,US
PED01983,2014-07-25,Segunda Classe,US
PED01984,2014-01-12,Classe Padrão,US
PED01985,2015-05-05,Segunda Classe,US
PED01986,2014-10-03,Classe Padrão,US
PED01987,2015-11-24,Classe Padrão,US
PED01988,2014-08-30,Primeira Classe,US
PED01989,2014-08-04,Segunda Classe,US
PED01990,2014-09-08,Primeira Classe,LATAM
PED01991,2014-05-06,Classe Padrão,US
PED01992,2014-08-05,Primeira Classe,US
PED01993,2014-11-02,Segunda Classe,APAC
PED01994,2014-07-04,Segunda Classe,LATAM
PED01995,2014-02-08,Segunda Classe,US
PED01996,2014-08-11,Primeira Classe,APAC
PED01997,2014-07-03,Segunda Classe,EU
PED01998,2015-05-10,Segunda Classe,APAC
PED01999,2015-03-03,Mesmo Dia,US
